Lambda_9.0,9,Lambda_8.5,8.5,Lambda_8.0,8.0,Lambda_7.5,7.5,Lambda_7.0,7.0,Lambda_6.5,6.5,Lambda_6.0,6.0,Lambda_5.5,5.5
399.962851649433,0.469649608647601,400.380011394359,0.475614606133671,400.394207076136,0.363381853965755,400.384722791477,0.236368243132581,400.354971806387,0.139082521886694,400.384829152347,0.102316043177448,401.078595673172,0.086132566272539,400.335986391094,0.077000213877836
400.394340174995,0.522469718814317,401.496266331582,0.48871561927543,401.689000045418,0.373354863518689,401.74278693556,0.242037994282828,401.712307609729,0.142370598816653,401.700300392385,0.103106998099322,401.941728006298,0.086175295595961,401.6923025174,0.076953946899391
401.484326757212,0.535320269908033,402.684592554464,0.499342368098345,403.018708117311,0.382300258607757,403.100802523593,0.247548967151722,403.069587920444,0.145477214853637,403.05698415735,0.104262909536832,403.914920993197,0.087316362755528,403.048722692383,0.077247919095272
402.575597171968,0.546127467336836,403.921232585954,0.511155271070201,404.377826621322,0.391417766724517,404.458811175048,0.253037257408995,404.426868231159,0.148583830890621,404.413667922316,0.105418820974342,405.271590885006,0.088426908969794,404.405274662358,0.077972860911967
403.688772349477,0.557410297791168,405.157636080117,0.522194696985754,405.737035300853,0.400830148792361,405.816750460718,0.25829872155005,405.784197097923,0.151849225208958,405.77049735543,0.107051067255909,406.628122045245,0.089083802951624,405.761729520234,0.078380246165958
404.7800951286,0.56838872669986,406.423365479236,0.533129832104522,407.096146868286,0.409924974297499,407.174231932209,0.262063133324066,407.141553711001,0.155205349973781,407.127375344593,0.108842091818829,407.984819683367,0.090285079612377,407.118323109679,0.079241283652384
405.813561266755,0.57991711611264,407.724131833528,0.543435810636913,408.45520987967,0.418861021521285,408.531713403699,0.265827545098082,408.498847894872,0.158357331234009,408.48437125559,0.111018720779319,409.341600560432,0.091758547612592,408.474965255174,0.080261099420163
406.904798268057,0.590615051549513,409.019433485232,0.555072211708779,409.814252081318,0.427729020910206,409.889416845701,0.270317800443996,409.856142078744,0.161509312494237,409.841381039744,0.113240714963053,410.698381437496,0.093232015612807,409.83173919566,0.081711884808755
408.017888665163,0.601620650084023,410.349686574005,0.565799811996702,411.173259600073,0.436483607241017,411.247869438178,0.277257777845064,411.213616613656,0.165251041656631,411.198439379947,0.11562148742814,412.055273299816,0.09506840539897,411.188506199567,0.083139987585726
409.130962106188,0.612570802234569,411.7094224335,0.576936072547802,412.532267118829,0.445238193571829,412.606405269598,0.284469946585593,412.57108421199,0.168970088207404,412.555539339621,0.118138355562957,413.412165162136,0.096904795185134,412.545342569259,0.084794916478916
410.244018591131,0.623465508001151,413.069130546682,0.587981602652415,413.8912052718,0.453765953786422,413.964913354703,0.291591384879635,413.928586493216,0.172802547816285,413.912673982188,0.120768636755883,414.76912639024,0.098968011087515,413.902220558422,0.086585941041836
411.383101321347,0.634581825280656,414.428699928294,0.598573480524592,415.250157297928,0.462339079224259,415.323060737727,0.297533327369344,415.286123457334,0.176748420483276,415.269836371069,0.123489648395297,416.126129237816,0.101167322659627,415.259133230478,0.088490378662864
412.593476874631,0.645394095044888,415.788241563593,0.609074627950282,416.609005275378,0.470571965487769,416.681083262339,0.30306698284986,416.64362573856,0.180580880092157,416.62704037942,0.126346755704441,417.483187578019,0.103548095124714,416.616087522004,0.090530911953624
413.829918519976,0.656558275324361,417.14774157942,0.619439679706241,417.967818569936,0.478691438693171,418.039078040637,0.308509907883889,418.001190448992,0.184617483205635,417.984306816978,0.129408006518182,418.840232045066,0.105883502366557,417.973069559844,0.092662175690871
415.066276232722,0.667447996003209,418.507179166042,0.629600587957604,419.32656249871,0.486584085782354,419.397107501827,0.314066245976027,419.358706603375,0.18849530803776,419.341545508221,0.132378526885435,420.197345877897,0.108445735724618,419.330093217155,0.094929535097848
416.331990371368,0.67833322937641,419.86649189425,0.639353209199775,420.685167695914,0.494023080639101,420.755414426156,0.320529888533037,420.716229694336,0.192395815481507,420.698811945779,0.135439777699175,421.554473583885,0.111053334305922,420.687137684201,0.097264942339691
417.632909330386,0.68913822536448,421.225776876145,0.649015099995458,422.043765956539,0.501439392884227,422.114012686782,0.327946200778163,422.073773595033,0.19636437076012,422.056126939386,0.138659806794268,422.911629036187,0.113751663333714,422.044223770719,0.099736445251265
418.928109245606,0.70044194813256,422.584978619098,0.65840479945168,423.40220467586,0.508334005062051,423.472610947407,0.335362513023288,423.431262003102,0.200151465145757,423.413441932993,0.141879835889361,424.268812234803,0.116540722807993,423.401330666971,0.102275995997704
420.258339212451,0.711093939715077,423.944076313374,0.667454259733575,424.760567092817,0.514979108512035,424.830917871737,0.341826155580298,424.788764284328,0.203983924754639,424.770736116865,0.145031817149589,425.625995433419,0.119329782282272,424.758472246116,0.104928959802252
421.61792246722,0.721731182810498,425.303083832129,0.676208846064386,426.118846270832,0.521352020622558,426.188239801922,0.345068867287013,426.146322058182,0.207997845256495,426.12805804705,0.148274528856304,426.983234124663,0.122300302649525,426.115613825262,0.107581923606801
422.977519595146,0.732413791129162,426.662035858257,0.684781971502223,427.47693122465,0.52708981960767,427.545423000538,0.347857926761292,427.503741100466,0.211558113525915,427.48540772355,0.151607971009506,428.34045894275,0.125225457793535,427.472790087299,0.110348300469458
424.337012674395,0.742756160273499,428.020994820963,0.693377779551682,428.834946812684,0.532600792476565,428.902585389419,0.350578938400706,428.861167079329,0.215141064406957,428.842708844,0.154782634881356,429.697683760837,0.128150612937545,428.829980222494,0.113160042555359
425.696498817066,0.753075846806215,429.379620827903,0.700884822243295,430.192795922833,0.537567382666536,430.259796334349,0.353458728321472,430.218579185035,0.218678650064755,430.200065457078,0.158138759646179,431.054894705767,0.131030402858311,430.187170357688,0.115971784641259
427.055853164745,0.762964563718116,430.737934688811,0.707371147411927,431.550499364835,0.54205763801245,431.617152947427,0.356814853086296,431.575977417583,0.22217087049931,431.557366577528,0.161313423518029,432.412161143324,0.134091653672051,431.544409048932,0.118942305008512
428.415061844277,0.77237694578596,432.095887847638,0.712677976776225,432.908015519218,0.545935462844575,432.974551179975,0.36030707352085,432.933306284347,0.225436264817646,432.9146607614,0.164465404778257,433.769385961411,0.137016808816061,432.901619993862,0.121822094929278
429.773646231745,0.779747892807842,433.453473367805,0.716782627724568,434.265434561502,0.549495731113995,434.331977158838,0.363890024401892,434.290607404798,0.228610928689496,434.271934135536,0.167549338203619,435.126638525812,0.140032694406558,434.258844811949,0.124747250073288
431.131668756357,0.785281548288358,434.810767551677,0.719934608984796,435.622624696697,0.552307473199896,435.689417010858,0.367518340506177,435.647894652091,0.231740227338102,435.629207509672,0.170633271628981,436.483863343899,0.142957849550567,435.616090439771,0.127740453052163
432.489177974161,0.789136690508861,436.167832828459,0.722338064061504,436.979662227165,0.554620197830117,437.046898482348,0.371282752280194,437.005084787285,0.234551969424002,436.986467010651,0.1736718398311,437.8411159083,0.145973735141064,436.973315257858,0.130665608196173
433.846375045934,0.791971115206384,437.524648388415,0.723924945119828,438.336422294494,0.556025617995466,438.404366080682,0.375001798830966,438.362267985901,0.237341028898281,438.343664082424,0.176506264528622,439.1983684727,0.148989620731561,438.33056088568,0.133658811175048
435.203301591146,0.793920918050656,438.881235041282,0.724763299994632,439.693092186302,0.557136164209732,439.761604771926,0.377972319198219,439.719381818732,0.239903262256342,439.700875027354,0.179386054449388,440.555593290787,0.151914775875571,439.687792640345,0.13660664893068
436.560068595054,0.795349020827628,440.237689899158,0.725170685248623,441.049588663649,0.557679645133453,441.118031883488,0.378288974005723,441.076433222357,0.242261352109807,441.057995796764,0.181970970419071,441.912831982031,0.154885296242824,441.045017458432,0.139531804074689
437.916689930813,0.796300788760541,441.59379792811,0.724443939921523,442.405897853377,0.557610695543386,442.474382692686,0.378356120085386,442.433456879668,0.244528711516785,442.41513043933,0.184601251611998,443.270070673275,0.157855816610077,442.402242276519,0.142456959218699
439.273040740012,0.796367934840204,442.949704796286,0.723059398857391,443.761950389701,0.556702489323312,443.830733501885,0.378423266165049,443.790390361459,0.246501196972679,443.772188779534,0.186982024077084,444.627309364519,0.160826336977331,443.759425475135,0.145246018692978
440.629197325013,0.795799967794457,444.305209342911,0.720359266319195,445.117746272621,0.554955026473231,445.187084311084,0.378490412244712,445.147261414044,0.248269538923977,445.129226310002,0.189294748707305,445.984548055762,0.163796857344584,445.116608673751,0.148035078167257
441.98514581266,0.794551522400056,445.56478948723,0.717586338243532,446.473209199775,0.552118798265305,446.543435120282,0.378557558324376,446.504083910579,0.249879102593922,446.486201411263,0.19140332983293,447.341745127535,0.166631282042107,446.473819618681,0.150914868088023
443.340837646903,0.792463820375649,446.617779056212,0.711262228816253,447.773085855298,0.548955461826109,447.899785929481,0.378624704404039,447.860857851064,0.251329887982515,447.843238941731,0.193716054463151,448.698942199308,0.169465706739629,447.830940388091,0.153499784057706
444.696127159595,0.789060526877177,447.761430669311,0.707403003648585,448.992443401511,0.544574637942258,449.25613673868,0.378691850483702,449.217520806295,0.252417751585159,449.20036664772,0.196323653044456,450.056069905297,0.172073305320934,449.188102776971,0.156220795697119
445.942598893402,0.785587802308485,448.606822702981,0.699834953749262,450.214554659855,0.541771084304709,450.612321069995,0.378214613884443,450.574100522583,0.253233423848342,450.557431924501,0.198727108121164,451.413183738128,0.174635538678995,450.545202736645,0.158737663831936
446.897778806858,0.778296707545901,449.730975883003,0.69661585242154,451.35533924512,0.537231414964219,451.967874172669,0.375673259627599,451.93068717545,0.254071778723146,451.91455963049,0.201334706702469,452.770255951488,0.177061676367325,451.90230269632,0.161254531966754
448.038721632628,0.775344453696274,450.576568210377,0.689702762932796,452.603445112258,0.533990232086355,453.32339259245,0.373018492312647,453.287058794384,0.254206972637675,453.271687336478,0.203942305283773,454.127272672221,0.179306353162681,453.259333290209,0.163544573985353
448.617507758921,0.767175086672823,451.738545777036,0.686822037486643,453.893877946497,0.529705600048446,454.678911012231,0.370363724997695,454.643465096211,0.254455579610313,454.628662437739,0.206050886409398,455.484247773482,0.181414934288306,454.61635694752,0.165811933392331
449.752341180567,0.764800375456073,452.879217916713,0.681914671073548,455.123966511741,0.52649520839326,456.034367002806,0.367504814178146,455.999746539625,0.254295899573758,455.985491870853,0.207683132690966,456.841181255273,0.1833874197442,455.973373668253,0.168056610187687
450.473551118042,0.757716870997532,454.041191467458,0.679020813589087,456.17687977836,0.519921590238142,457.360308842899,0.364134631280941,457.356090412245,0.2543403630418,457.342203382133,0.208929774574962,458.19808699075,0.185269174753607,457.3303210232,0.170074460866825
451.605589735872,0.756367857184204,454.886573963332,0.671421575098784,457.351083803333,0.51710721343816,458.650828879839,0.360135152074849,458.712205377775,0.253636300326322,458.698776161843,0.209722764226523,459.554937233599,0.186969468870039,458.68726144157,0.172069628934341
452.561335184491,0.750926062404433,456.074986450275,0.668330407400118,457.765746061729,0.508375875316907,459.921345343891,0.356963989523564,460.068320343306,0.252932237610844,460.055362814709,0.210561119101328,460.911718110663,0.188442936870254,460.044118620997,0.173792605662395
453.699479188281,0.748986366563036,456.24681359184,0.659005160318917,458.930349870559,0.506168791727855,461.140496873723,0.351909492074546,461.424303513845,0.251797205274552,461.411713623908,0.210628265180991,462.268485114571,0.189871039647225,461.400961927268,0.175470217167206
454.654865566956,0.742370413064019,457.452034610166,0.652962100769159,459.508830787398,0.497001389793045,462.325088519825,0.348084174829304,462.780092460187,0.25002705981285,462.768064433107,0.210695411260654,463.625252118478,0.191299142424196,462.75779829696,0.177125146060395
455.850263273432,0.739885619124037,458.584287163339,0.641743739118586,460.614786307965,0.494275942046538,463.046125505276,0.340435117254326,464.135777357852,0.247916675176821,464.124415242305,0.210762557340318,464.982005249228,0.192681879977924,464.11459998376,0.178666661895475
456.021888098125,0.729898795870534,459.226140149488,0.629732415591401,461.033075863322,0.48448278806413,464.171605710566,0.338195388551618,465.491420636046,0.245670194871061,465.480766051504,0.210829703419981,466.338675141037,0.19379242619219,465.471394733981,0.180185495118933
457.199565197644,0.721702911298503,459.876433772879,0.633463152317079,462.109558082146,0.476579643619518,464.892724085204,0.330812473619669,466.846862753464,0.242765918828269,466.837116860703,0.210896849499644,467.695317286532,0.194812241959969,466.828078498946,0.181341406556443
457.850740679722,0.709682031808681,460.141348641518,0.62002568185603,463.216111910133,0.466210661135755,466.017867924243,0.329152827275067,468.202457475608,0.240360660241156,468.193467669901,0.210963995579307,469.051959432026,0.195832057727747,468.184734517598,0.182406587547465
458.544347115195,0.712739781690461,460.920809652855,0.621372279835889,464.348579537803,0.455695593092309,466.863584242956,0.322645189469063,469.558142373273,0.238250275605127,469.5498184791,0.211031141658971,470.408587704364,0.196806508272283,469.541418282564,0.183562498984975
458.699505962915,0.700193424259785,461.120162293916,0.607975416105249,465.552505533435,0.445417809334928,467.994870571849,0.320516190830714,470.913917446458,0.236434764920181,470.905912634895,0.210259031108628,471.765299215644,0.198053150156279,470.898136730422,0.184831823480593
459.342775044283,0.702799109805762,461.841982650296,0.609607981469426,466.782293612705,0.434824828546773,468.950436485496,0.31448731669132,472.269713329379,0.234687302070101,472.262332809879,0.210553003304509,473.121982980609,0.199209061593789,472.254903734329,0.186259926257564
459.554567513966,0.689760485670598,461.997029052428,0.596693926966144,468.012096952447,0.424281749504186,470.081769942319,0.312512426384873,473.625495339142,0.232894473996777,473.618870906696,0.211232579897961,474.478694491889,0.200455703477786,473.611684611393,0.187733394257779
460.202244863973,0.690865420192875,462.701757679439,0.598672326767898,469.271231283969,0.413651013580004,470.927457647647,0.305911222805928,474.98125653917,0.231033598088587,474.975221715895,0.211299725977624,475.835378256854,0.201611614915295,474.968444678722,0.189138814423128
460.414136526729,0.678151157403903,462.856804081571,0.585758272264617,470.484265775555,0.407619255611541,472.052368128624,0.303488495602016,476.336948373414,0.22894589606418,476.331572525093,0.211366872057287,477.19188167078,0.202177778450638,476.325059077903,0.19006789974442
461.062019893116,0.679929765491348,463.5000330038,0.58823263742752,470.757862928255,0.398136490394077,472.773466155966,0.296039045009311,477.692515349244,0.22644990703058,477.687923334292,0.21143401813695,478.548593182059,0.203424420334635,477.681742842869,0.19122381118193
461.272172665172,0.666834593273185,463.711703389702,0.574794799327812,471.947696546712,0.391292422751427,473.898328312113,0.2934582956111,478.992670855222,0.224198411578581,479.044072982715,0.210843368479582,479.905332439652,0.204761792665119,479.038495973619,0.192606548735657
461.990359328204,0.6560232476416,464.35950282349,0.576298947814634,473.177446474801,0.380574687599352,474.743806185942,0.286170943030597,480.404641231628,0.224701542425297,480.400584984785,0.211437615248361,481.262168809345,0.206416721558308,480.39533927989,0.194284160240468
462.715890572722,0.644886887802219,464.540568331491,0.563583158978396,474.407204033125,0.369881903320061,475.86823596203,0.283856310841294,481.760770070315,0.224042844933063,481.757156112929,0.212225204278107,482.619088417978,0.208343841790958,481.752265825102,0.19623396308474
463.481415227166,0.633457770992512,465.312559499668,0.552078489442688,475.610968990611,0.359077524826555,476.713952280744,0.27734867303529,483.117079260043,0.223973895342996,483.079778965376,0.214001931782054,483.976077392397,0.210497788139827,483.109275609256,0.198455957268474
464.229839674201,0.622700449638926,465.58736045297,0.559393396212133,476.664327131243,0.346456252348321,477.845200458455,0.275094920033021,484.35017940139,0.224211357546213,484.471446207797,0.217553814498825,485.333107986286,0.212787830158426,484.466313139724,0.200768681898696
464.966462689053,0.612257708204018,466.167609404569,0.54160746794241,477.348852588073,0.334672678000999,478.800766372102,0.269066045893627,487.556743826927,0.226477029052427,485.828421309059,0.21966239562445,486.690249565432,0.215440793962974,485.823440845712,0.20337628048
465.703178962349,0.602119921880914,466.877022996684,0.542989914159841,478.034870180007,0.337950203624362,479.932099828925,0.26709115558718,492.854981082684,0.21411285537922,487.185271551908,0.221362689740883,488.047405017734,0.218139122990766,487.18061710775,0.206142657342657
466.446414848682,0.590901270192118,467.03212562161,0.530259708192862,478.299722619439,0.324308589658718,480.777863836616,0.260739460736075,494.211928437632,0.216130706058358,488.542232780013,0.223425905643264,489.404643708977,0.22110964335802,488.537862735572,0.209135860321532
466.7090051928,0.598371695456679,467.899344950267,0.519262702375365,479.079246059982,0.325859331143173,481.90289131455,0.258699313581518,495.568848046266,0.218057826291009,489.899249500745,0.22567058243862,490.679646950176,0.223970242078331,489.8951707926,0.212333206805004
467.289132060618,0.580186553222412,468.002991537099,0.528907041315307,479.293275685034,0.314206793297005,482.624019862837,0.251349666479948,496.925809274371,0.22012104219339,491.256266221478,0.227915259233976,492.119218203564,0.227368240655231,491.252582898306,0.215870792462802
467.998362527062,0.580970178493028,468.658377969207,0.521620674306996,480.43112046387,0.311288631856236,483.749489894479,0.249076669946861,498.340551471028,0.2201385515778,492.613504912722,0.230885779601229,497.10035856055,0.226417207999636,492.609953384541,0.219272282450869
468.153457120159,0.568213708449435,468.861737640435,0.508497708314122,480.551488597999,0.301692430458736,484.470598095469,0.241660487184534,499.638718990122,0.220935812701371,493.970743603965,0.233856299968482,498.408350319234,0.229630258896781,493.967344680511,0.222741820273802
468.796637851422,0.57053048915265,469.579652703132,0.510189054244319,481.684733487542,0.293719008738596,485.595499674504,0.23920865062904,500.995430501402,0.222182454585367,495.327982295209,0.236826820335736,499.76571386889,0.233009066273227,495.324846961737,0.226574279882684
469.008430321106,0.557491865017486,469.844609191242,0.496887679453001,482.888455876342,0.282775430639032,486.440939397151,0.231796543684617,502.352162822417,0.223497144304229,496.129975625634,0.238545010824641,501.123035799076,0.236251777979942,496.682425545326,0.230656248219405
469.656412880566,0.559594834451122,470.562579746567,0.498760486276172,484.118190543957,0.272007793741389,487.595978893406,0.230714157978034,503.708985318952,0.225106707974175,501.915744023739,0.236407672626527,502.480371602418,0.2395398549099,498.04003187523,0.234828947002613
469.868190089776,0.54650630857039,470.819922183701,0.485870255703753,485.347963362754,0.261364911207666,488.543943802704,0.229020949843308,505.065773132595,0.226602858586011,503.220018965486,0.238986732142095,503.837582547348,0.242419644830666,499.397554966191,0.23872945444636
470.516187909709,0.548659179749595,471.708084235387,0.474640164716212,486.607150015896,0.250905266982574,491.127495578619,0.21003525708694,506.422630312022,0.228325835314066,504.268690899732,0.240943957125339,505.194751872807,0.245163339081701,500.75504337426,0.242516548831998
470.727926967738,0.535445899504943,471.811700301273,0.484184700165019,487.880825397787,0.244623765763856,492.484123850957,0.211009707631475,507.779549920656,0.230252955546716,509.211049308888,0.252055955066386,506.552004437208,0.248179224672198,502.112372241024,0.245781943150335
471.375962938852,0.537723525048067,472.467086733381,0.476898333156707,488.104340453878,0.236317999182475,493.840599518568,0.21148514072033,509.136497275604,0.232270806225854,510.499777726702,0.254997881315693,507.909312494237,0.25137657115567,503.469673361474,0.248956607022185
471.5876638457,0.524385490439495,472.662842263031,0.464218915113621,489.293324572692,0.233416067703208,495.196880961982,0.211325460683776,510.493527869493,0.234560848244454,511.857182895829,0.258512784361869,509.266745409678,0.254982204648333,504.826939799032,0.252017857835925
472.235737967995,0.52678787034654,473.550885501037,0.45260030339273,490.332598367977,0.231521378287133,496.553037546984,0.210757493638029,511.850634765746,0.237100398990893,513.214740669683,0.262526704863725,510.62421994459,0.258723933810728,506.184164617119,0.254943012979935
472.447438874843,0.513449835737968,473.654554978578,0.462319494951024,492.113003029248,0.207044620642101,498.017238278352,0.207729179331036,513.207977505667,0.240411158532473,514.572478794577,0.267130373267748,511.981777718444,0.262737854312584,507.54145880099,0.258094994240162
473.095207787686,0.514854180733653,474.509159250905,0.441195465459555,493.583288874086,0.201679333262683,499.208745461978,0.205962375668024,514.565569962413,0.244538492092438,515.930383397355,0.272278424350693,513.339488097024,0.267250792270119,508.898780731176,0.261337705946877
473.307175752805,0.502389426672521,474.637329417286,0.450391909527198,494.714073066103,0.197908347040389,500.428278503626,0.202155421858205,515.923426009141,0.249527764894031,517.288509970643,0.278152319005537,514.697337207174,0.27221738246009,510.256241392931,0.265034069886028
473.954982816829,0.503918526032126,475.381402086204,0.430709536887045,495.669576142509,0.191673995125127,501.728966738831,0.201645950978759,517.281420787439,0.25497068992806,518.646900133915,0.284888152902008,516.055449907306,0.27804591189169,511.613826913099,0.269138720834371
474.166882109821,0.491229214115937,476.090685964301,0.431667818267149,496.820367886394,0.188927703510817,503.08531754803,0.201713097058423,518.639679155719,0.261275554203718,520.00549839454,0.292304465147134,517.41382619742,0.284736380564918,512.971558101414,0.273719706626772
474.814757845972,0.492982871330598,476.244384358016,0.419061565712382,497.873527016184,0.183158057923183,504.441668357228,0.201780243138086,519.998124811618,0.268192848993164,521.36430475252,0.300401255740913,518.772368965418,0.291971231917069,514.329545943134,0.279139949049179
475.026542685419,0.47991929632265,476.888961288662,0.421228128926771,499.037095665602,0.180027541519689,505.798019166427,0.201847389217749,521.35664676988,0.275359652510449,522.723277588383,0.309042429013616,520.131092084456,0.299795831171387,515.687700262737,0.28510457415051
475.735727370445,0.480553216356562,476.993935387002,0.408728724615972,500.09044979032,0.174895529347645,507.154369975626,0.201914535297413,522.715397635232,0.283274982211254,524.082555633699,0.318681637197677,521.490134286104,0.308663830560307,517.046208347842,0.292226012444552
475.858798593999,0.467937293848701,477.625431698787,0.410286370036183,501.320636458601,0.172005934628253,508.510720784824,0.201981681377076,524.074377407674,0.291938838095579,525.441944664271,0.328683767167687,522.849134868281,0.317395734279497,518.404903720566,0.299959881252382
476.59529593437,0.457083596862056,477.730513518111,0.398139213341158,502.611047492165,0.16765001438239,509.867092403758,0.202116875291604,525.433606896941,0.301419267998288,526.739858961743,0.339263519900686,524.208510025696,0.327352499026264,519.763758634595,0.308215450127514
477.225190195752,0.44549665511029,478.361902108913,0.399344611145595,503.937018399825,0.164374882429123,511.224109124491,0.20436155208696,526.79300980067,0.311466763191542,527.976262455907,0.350302945816238,525.568148773093,0.338171203014659,521.122835519135,0.317196862574544
477.838498417937,0.435014541655943,478.435238217795,0.387153687190589,505.292522946449,0.161674749890928,512.581583659403,0.208103281249355,528.123236794695,0.322109033654792,529.212650689598,0.361292469986223,526.8661546334,0.349050366221065,522.482058071824,0.326654609865631
478.390914960446,0.423063694484198,479.16000687505,0.376488372884163,506.648173161222,0.15945095219679,513.939051257737,0.211822327800127,529.418531179507,0.333721671990674,530.449084704707,0.372431699392912,528.10258864851,0.360189595627753,523.841634390015,0.33726917034943
478.790170317775,0.410981654126232,479.784740889892,0.364827424946634,508.003906614936,0.157499345842113,515.296442553707,0.21529186562306,530.719435604742,0.344479142506775,531.623766369431,0.38324074303968,529.378092248236,0.370795457642141,525.171912252282,0.348077779964574
479.537874131379,0.414373124612054,480.505659394729,0.353430935763705,509.359862039161,0.156273583059334,516.653646562058,0.218148972932204,531.98531070504,0.355890720482037,532.736729595931,0.393830493694457,530.529665087127,0.380569549906893,526.437785535858,0.35948341725584
479.766374275203,0.399968594916204,481.271222869673,0.342128761990969,510.715879892593,0.155251963781151,518.010829760674,0.220938032406483,533.221683678258,0.366830342906454,533.849794558915,0.404752922653021,531.626038484248,0.390670558490909,527.674288223094,0.370847204517584
480.40836964256,0.388093446172013,482.020728936173,0.331371494182901,512.072209892056,0.155251062025949,519.367971339819,0.223590996211031,534.432003008748,0.377458764134383,535.107601614034,0.414629051715155,532.739188227635,0.401870219369294,528.884837263856,0.382226778336694
481.071246423327,0.388500519279972,482.718767050702,0.332692970796179,513.428560701255,0.155318208105612,520.725279396848,0.226788342694503,535.597083872839,0.388704768658661,536.198856070125,0.425384064311992,533.852371883185,0.413180773015608,530.024070367735,0.393834817495042
481.13280896535,0.376351208165279,482.873652816279,0.319253634760603,514.785126544386,0.156088515145551,522.083544701706,0.233115889581782,536.836857674897,0.399649311916188,537.31193798919,0.43636193965452,534.934763296141,0.424600693382587,531.137211633083,0.405006755181445
481.807411623999,0.376560725478025,483.516584560883,0.320756229088762,516.141886611715,0.1574939353109,523.442122152596,0.240464153992042,538.16716031066,0.410538930858553,538.424935127852,0.447062583077226,536.063389702209,0.436009041224471,532.250369854511,0.416234139251813
481.868974166022,0.364411414363332,483.728430442221,0.307892261063086,517.498792347192,0.159375690320307,524.800734286379,0.247925831460411,539.526722755693,0.421108126119108,539.563834910881,0.457580663056062,537.192041542398,0.447500558642302,533.363536553979,0.427489246514163
482.543576824671,0.364620931676078,484.587999454983,0.296282932796391,518.855836814239,0.16171109756215,526.159949902489,0.257360896139876,540.886042420481,0.4308834299729,540.803512331007,0.468210037394213,538.339366266483,0.45845240640092,534.502779474537,0.439129386210595
482.605157320191,0.352530328497347,484.806094499871,0.303853729580791,520.213054695747,0.164613570094538,527.519623332778,0.26829301318638,542.245140114756,0.439932890254795,542.133551376787,0.47823771709495,539.541449805459,0.469265578853345,535.713375501491,0.450662604877901
483.337952250466,0.34142857402389,485.4552168713,0.285683884153634,521.570369689354,0.167833599189631,528.87933144596,0.279338543290993,543.604133760355,0.448642111362363,543.492704563691,0.487468638269819,540.807312915386,0.480637948314232,536.923941810683,0.462098646461733
484.074202231541,0.329766012141765,486.157256748369,0.28695428216735,522.927774858481,0.171348502235808,530.238720476532,0.289340673261004,544.962953991492,0.456784267179386,544.851719019025,0.496245907212252,542.137470543627,0.491053392661265,538.063075409141,0.473381302893131
484.810536993021,0.318380682179462,486.38757543185,0.274016377151681,524.285318759178,0.17531705751442,531.597651692924,0.297845750863975,546.321697920265,0.464676914268569,546.210650235417,0.504750984815224,543.496984432611,0.501463809640468,539.202073358953,0.484220388252814
485.550814541977,0.308029443735467,487.078378877568,0.275023644648994,525.643237235113,0.18051047382061,532.956499670375,0.306078637127486,547.680386356411,0.472388100464778,547.569553705495,0.513165331971708,544.856186175564,0.510853509096689,540.441839129184,0.495138667433727
486.638123779389,0.29698947360453,487.328713466281,0.263500102680468,527.001218140254,0.185908033631395,534.31537539414,0.314402253837483,549.039047046242,0.4800085562145,548.928380873211,0.521330170400353,546.215221440634,0.519698825873988,541.771857365229,0.505098299299598
487.451103205002,0.284232195358273,488.293631356638,0.257219251207364,528.359296157493,0.191623150004886,535.674375976317,0.323134157556672,550.397693862917,0.487583646740978,550.287152548298,0.529313547936024,547.574159593605,0.528226586088581,543.131371254213,0.515508716278801
488.197194560545,0.273735543369019,488.849040618897,0.247487538794604,529.717408857625,0.197451679436485,537.033917611615,0.333635304982362,551.756201948022,0.49470508503502,551.645986652592,0.53750106897629,548.933028380791,0.536527520186957,544.490614616637,0.525034511404753
489.047568467746,0.263073604529696,489.903605672029,0.239915262537108,531.075590923542,0.203507034984303,538.393625724797,0.344680835086975,553.114647603921,0.501622379824466,553.004841566621,0.545756637851422,550.291841675349,0.544646993392359,545.849719247491,0.53410665429827
489.907354397227,0.252173593932145,490.88788118632,0.232896194268239,532.433807672351,0.20967580359023,539.753208979566,0.355318078182396,554.473294420596,0.509197470350944,554.363710353807,0.554057571949798,551.650654969907,0.552766466597759,547.208671273619,0.542679779736107
490.783611463522,0.241374200717605,492.48119661484,0.201437645527077,533.792010548003,0.215799206972913,541.11172400125,0.36246219908806,555.83207996884,0.517226213109858,555.722697062827,0.562744110445744,553.009489074201,0.560953987638026,548.567540060805,0.550980713834483
491.68983428459,0.234482825609737,493.834592441607,0.191841999055855,535.150261979705,0.222081388636948,542.469781208754,0.368109267626685,557.19111523391,0.526071529887157,557.081739264475,0.571612109834664,554.368309305337,0.569096143455049,549.926360291942,0.559122869651505
494.517732124203,0.208108761146352,495.188251858356,0.183108291826261,536.508464855357,0.228204792019631,543.827796796787,0.37362024049558,558.550386342648,0.535688055459596,558.44097569032,0.581115222348995,555.727254394887,0.577646586281264,551.285076474401,0.566924786294202
497.775831474174,0.177293635551616,496.034507904081,0.17540085546277,537.866633048117,0.234214782344205,545.185840131134,0.379221943810961,559.909789246376,0.54573555065285,559.800517325619,0.591616369774685,557.086428391526,0.586945555290999,552.643827339753,0.574840115995007
499.129477017767,0.168514563098779,497.175514208287,0.17265617610101,539.224794304298,0.240202090057158,546.544077689679,0.385458760251753,561.26940024746,0.556463524194758,561.160003468289,0.6019360563074,558.445817422098,0.596947685261009,554.002703063518,0.583163732705004
500.083201065811,0.162392200202867,497.754136829516,0.163952147517902,540.582900067852,0.246007936877136,547.902717569775,0.39301116816661,562.629087550906,0.567441006464505,562.519482674381,0.612233060228494,559.80547697923,0.60783443708427,555.361752201744,0.592054414705546
500.724349014497,0.142145992405547,498.898334367856,0.161478097891087,541.940915655885,0.25151890974603,549.261336640136,0.400495528246601,563.959419254235,0.578425676350809,563.849885395062,0.62344995685283,561.135606861157,0.618159150984815,556.721037183639,0.60171630550123
502.078493991739,0.135000067989479,499.477142294824,0.153380019075591,543.29883413182,0.25671232605222,550.619997329968,0.408115983996322,565.199276434315,0.589642865737004,565.089826718098,0.634942293708322,562.40124869423,0.628807945134967,558.080405404475,0.611650387636374
503.432805446866,0.128398526252334,500.612118874237,0.15147343375774,544.656704051705,0.261746964077056,551.978533161387,0.415328152736852,566.364453680338,0.601204039180658,566.207197108205,0.646212200006946,563.637621667449,0.639747567559384,559.440106581079,0.622673235129366
504.787394365131,0.122704288980061,501.333298290767,0.144290125808063,546.014476859492,0.266464045539188,553.337062056228,0.422517638865759,567.58105751442,0.612222787155769,567.218789154164,0.657365249118132,564.848108863138,0.650924907988561,560.800008918458,0.634353878359389
506.142177507594,0.117645164833199,502.458859885244,0.142316539748384,547.372138682023,0.270818205215371,554.695577077911,0.429661759771423,568.726957388213,0.622384465367342,568.208631099269,0.668548409610464,565.987374986753,0.662640921684102,562.130458873935,0.645725232767626
507.497182620568,0.113311884258233,503.180191906499,0.135632249254386,548.729668709562,0.27474139527074,556.053773016985,0.435762480542484,569.179823475088,0.61874747853996,569.182051504095,0.679793133392881,567.078785538529,0.67390636716861,563.39652146004,0.657749889331294
508.852340338268,0.109477621138947,504.324874873208,0.133465550391352,550.087157117632,0.278528489656378,557.41178166844,0.441250770799757,569.674466261941,0.62342939154921,570.065014458087,0.690921992945059,568.090467351975,0.685352955959608,564.607113872672,0.669271289164124
510.207692280166,0.106278471145072,505.378050959078,0.127751351187683,551.444742637799,0.282633140604721,558.769797256473,0.446761743668652,569.719111622485,0.635019720527455,570.996409193687,0.700723954827718,569.080404675034,0.69684800236174,565.746479947921,0.681314144701982
511.563210699948,0.10362370383012,506.608121357092,0.124481552692535,552.802369777438,0.286873887222795,560.127805907928,0.452250033925924,570.79115134816,0.646189623484172,571.889729883578,0.710541434302757,570.053861959336,0.708213322029279,566.837939373106,0.692739406234387
512.918895597612,0.101513319194091,507.898583258898,0.120291971598565,554.160003853655,0.29113731645249,561.48646659776,0.459870489675646,571.963057544699,0.657522886167168,572.537025721769,0.710398825185835,570.953446474801,0.719934687599352,567.849714320319,0.704490542443189
514.274719226847,0.099856586790497,509.224564075956,0.117049243376187,555.517700359078,0.295604889186782,562.846091472,0.470643828440797,572.210756816496,0.651499504943,572.756105067143,0.721188284559369,571.910440888377,0.731226419996063,568.894266119631,0.715374926195631
515.630750953435,0.098880332735558,510.580020066531,0.114190332556638,556.875452357129,0.300253922814049,564.205799585182,0.48168935854541,572.978365527407,0.669070898713567,573.622526032126,0.731984840052685,572.793510665678,0.742704591767217,569.702545531619,0.715248603394244
516.945590964831,0.097607169999849,511.935621725254,0.111807756581148,558.233218228337,0.304948321664558,565.565507698363,0.492734888650023,573.200779979713,0.663275248663951,573.83645496798,0.725932460297034,573.659978502112,0.753654416907635,569.887823733254,0.726918849058212
518.371605831681,0.095075784597217,513.291403735017,0.110014928507823,559.591067338487,0.30991491185453,566.925215811545,0.503780418754636,573.972491181324,0.681170877931358,574.501407173028,0.743206170802234,574.526489939897,0.764746818463961,570.692644997199,0.727273855843035
519.698693528475,0.09545255311506,514.647317539772,0.108653070055314,560.949034370471,0.315267106442072,568.284923924727,0.514825948859249,574.08759147957,0.673548853193647,574.929613492196,0.738960834481401,575.392946875994,0.775660999500401,570.877923198835,0.738944101507003
521.055037401095,0.095497016583102,516.003383949253,0.107790229058483,562.307216436388,0.321322461989889,569.644632037909,0.525871478963862,574.932825458344,0.691863963786656,575.474397832044,0.754005625785354,576.259327509727,0.786325671809002,571.68274446278,0.739299108291826
522.411471449236,0.095836354002227,517.281954538899,0.108168688780222,563.665481741246,0.327650008877169,571.004340151091,0.536917009068475,575.180521096695,0.685828701194495,575.919407748323,0.749988052018833,577.142056469805,0.796689371262471,571.867878091517,0.75049660057673
523.768099721573,0.096810804546762,518.825063295874,0.108516986626604,565.023962080038,0.334680716724724,572.364048264273,0.547962539173088,575.891743902624,0.704327276580927,576.403893842823,0.766257581033412,578.115233978775,0.807139825594598,572.549234099889,0.750320221640198
525.124769613382,0.097921350761028,520.072436376849,0.107991667297473,566.382532594349,0.342006298523362,573.723756377455,0.559008069277701,576.977433273281,0.715331518628979,577.467828063204,0.777275422855621,579.152856039847,0.817763965300592,572.766896630855,0.761781961056791
526.481467251505,0.099122627421781,521.42900221998,0.108761974337412,567.741186347602,0.349604071661462,575.083464490636,0.570053599382314,578.146088746915,0.726594917414803,578.501321131605,0.788891874172345,580.370117330023,0.827008384176343,573.415876341726,0.761840352444249
527.83819957252,0.100437317140643,522.785734540995,0.110076664056274,569.099944149533,0.357542083973889,576.443172603818,0.581099129486927,579.450075325186,0.736871028361522,579.648093137329,0.799749274067794,581.699843569145,0.836013186105372,573.635062510408,0.772979124036758
529.19495270327,0.101820054694371,524.142577847266,0.111754275561085,570.458722761199,0.365548144121181,577.802880717,0.59214465959154,580.809422736288,0.746737062661802,580.951983297159,0.80971009671297,583.058518132134,0.843679007078338,574.282518583562,0.7733604832483
530.551782136384,0.103452300975938,525.499525202214,0.113772126240223,571.817515246022,0.373599569491717,579.162588830182,0.603190189696153,582.168305396631,0.755083361983421,582.310824338032,0.817920300364858,584.416422734911,0.848827058161283,574.501613189409,0.784199844367402
531.908576886605,0.104971134199396,526.856583542417,0.116152898705309,573.17627998453,0.381560264415765,580.521561666045,0.611831362968855,583.526591511224,0.761478956705565,583.668874608957,0.823544686291862,585.77327297776,0.850527352277716,575.291445657275,0.796552014291553
533.265454875768,0.106762158762316,528.213752867876,0.118896592956345,574.534940674362,0.389180720165487,581.878994581486,0.615436996461519,584.884274143491,0.765901164216614,585.02607168073,0.826379110989384,587.129533611439,0.850299624406296,576.266036667525,0.808264617806912
534.622284308881,0.108394405043883,529.571005432277,0.121912478546842,575.893525061831,0.396551667187369,583.236177780102,0.618226055935798,586.240839986622,0.766671471256553,586.382491855714,0.826673083185266,588.376489681637,0.848410679837314,577.255811848061,0.819229458162384
535.979162298044,0.110185429606803,530.928403664826,0.125404698981396,577.251963781151,0.403446279365193,584.593360978718,0.621015115410077,587.541107171514,0.764785165851664,587.682724357713,0.824673364722268,589.331741409082,0.841354416818579,578.267324225377,0.830121990807738
537.336068033521,0.11206718461621,532.285850453424,0.129055697697303,578.610104227597,0.40936553924328,585.950551113913,0.623826857495977,588.760045054729,0.759032043964695,588.901715652582,0.819094898944786,590.492873485045,0.83795947263794,579.384560436715,0.840953132532328
538.69296683242,0.113926257013996,533.643269495708,0.132615965966724,579.968085132738,0.414763099054065,587.191285634263,0.62382873904289,589.974404796149,0.755366859945801,590.095671052034,0.81516905515268,590.863022118602,0.828407042829243,580.624204199658,0.85147244788276
540.049872567897,0.115808012023403,535.00083420614,0.136652569080201,581.325719208955,0.419026528283761,588.036744432501,0.616479009280426,590.388855755693,0.745944574578223,590.634948485424,0.806298570029428,592.004768292129,0.821117030263576,581.954013677722,0.860749441151251
541.406819922844,0.11782586270254,536.358121453433,0.139781867728807,582.68304113914,0.422269239990476,589.161591328176,0.613848358136648,591.597691792954,0.744376877961637,591.773453885118,0.79920312986302,592.63772182944,0.807675097270374,583.312646621239,0.868279166454486
542.763725658321,0.119707617711947,537.715325461785,0.142638975037952,584.039939938039,0.424128312388261,589.882618139978,0.606166032731291,591.607015941744,0.734546844503656,592.829876614234,0.786421243546848,593.282417452652,0.810229785172513,584.670530414282,0.873359169702566
544.12062445722,0.121566690109733,539.072702884598,0.146063147637641,585.396526590906,0.424966667263066,591.017556204866,0.604133504912721,592.682103633512,0.722960118323954,593.440821158766,0.773809904167865,593.438280738907,0.798114495935082,587.383204286365,0.873402731415406
545.477571812167,0.123584540788871,540.430038687941,0.149351224567599,586.752544444337,0.423945047984882,591.595949919004,0.594680950146095,592.73479539158,0.733105645466519,594.25439510696,0.76299671475936,594.158826396984,0.786487033140054,588.629768643896,0.870232886425428
546.834477547644,0.125466295798278,541.787332871812,0.152503205827827,588.108166912796,0.421630519844257,592.794463839644,0.592221470637215,593.564278382511,0.723915025812605,595.154686690991,0.750150194540747,594.874494875327,0.77472295732215,589.584840836369,0.862589544047071
548.191397156278,0.127393416030928,543.14459930937,0.155564456641567,589.35494630426,0.419163835814555,593.017419345071,0.582085973385009,593.70224068551,0.711371756619684,595.726365191589,0.737938891496223,595.487270888529,0.76250052049112,590.780081449745,0.859591055667418
549.548295955176,0.129252488428713,544.501803317721,0.158421563950712,590.310539148153,0.413223023579104,594.270456754424,0.58031830196963,594.424053411654,0.712979371111077,596.339364813105,0.726447653853723,596.082550679,0.750665435332233,590.951727084173,0.849672280248781
550.905153134604,0.130975465156768,545.858986516337,0.16121062342499,591.441575250178,0.410275783083281,594.493412259852,0.570182804717424,594.577683981046,0.700151333020453,596.89071805974,0.714972770351082,596.677763614068,0.738611733002286,592.123682497389,0.841966481461856
552.262003377453,0.132675759273201,547.216169714953,0.163999682899269,592.286805141326,0.402177527137299,595.746449669205,0.568415133302045,595.222328736015,0.702539681770699,597.387365903138,0.703811218264121,597.104280744251,0.7278827487018,592.788351172543,0.829833049218052
553.618895239773,0.134512149059364,548.573297420942,0.166607281480574,593.44122027882,0.399053488282719,595.918136923104,0.558632453553138,595.327132276131,0.689482552068259,597.986525971568,0.691864642029885,597.614532682433,0.717628404738343,593.535843035138,0.832531439904319
554.975696926573,0.136053664894444,549.930404317194,0.169146832227013,593.855636021889,0.389516045040754,596.904948450487,0.559906148093198,595.958493936687,0.690599887968752,598.421599624544,0.68095548726023,598.169024268391,0.706234072638638,593.735149894781,0.818984870936975
556.332512486529,0.137640545952768,551.287532023182,0.171754430808318,595.013801313821,0.387200465741697,597.049045463491,0.547263380618594,596.037044676245,0.678660806322196,598.911528923743,0.670224295641378,598.672416392897,0.694726319773515,594.456863427853,0.820268124082176
557.689272553858,0.139045966118117,552.644631982857,0.174271298943135,595.246287678077,0.377685422312385,597.76472347963,0.54897049339167,596.683700210437,0.668024403130819,599.455889058786,0.658281937232222,599.162239413804,0.683647598140887,594.610341392518,0.806941068535872
559.046032621187,0.140451386283466,554.001725005953,0.176765484466331,596.35370626618,0.370144205410806,597.780797844156,0.534333665389914,597.296742010204,0.656671088368431,599.952331309706,0.646448097739694,599.651852603213,0.671882727506699,595.254680938035,0.808331382374759
560.402751069045,0.141720710779085,555.358859648519,0.179395765659257,597.279537561435,0.355285268166197,598.195765067446,0.522076485549483,597.616801810667,0.644866635883306,600.627060968946,0.635214083456398,600.141484868212,0.660180234054471,595.32796935794,0.795984515464854
561.759420960854,0.142831256993351,556.71597348135,0.181957999017318,597.420650689598,0.364652469986223,598.797211152185,0.509864006176858,598.242689961092,0.63352088777194,601.232737105052,0.626655048521641,600.849581070679,0.649500969967008,596.05253435521,0.784653233009855
563.116042296613,0.143783024926264,558.073128933652,0.184656328045109,598.137384221761,0.356371120161082,598.92833451925,0.523578592948087,598.350115210513,0.648801453378348,601.919158251707,0.626772198083357,601.472051837161,0.643134222518281,596.68224728627,0.77247334110487
564.472705251843,0.144870888528908,559.430284385955,0.187354657072901,598.283208938277,0.343617943166851,599.298181611736,0.498178585378408,598.845910013438,0.621673988356943,,,,,597.108330391783,0.758101938236201
565.829257221818,0.145595830345604,560.787495330884,0.190234446993667,598.997311855631,0.345934482915235,599.479695396121,0.512128660318229,598.96282318744,0.636356537931661,,,,,597.584344692898,0.765531860778466
567.185920177048,0.146683693948248,562.144734022128,0.193204967360921,599.25455255628,0.332711574039029,599.899627696476,0.485966106005783,599.444183378588,0.609463186514216,,,,,597.749369748535,0.745163792711913
568.542569259121,0.147726192327649,563.501993523107,0.196243535563039,599.918586589557,0.334502862852557,600.03075106354,0.499680692777012,599.575378559641,0.623412605029294,,,,,597.952122083781,0.758563928966133
569.899211404616,0.148746008095427,564.85932932645,0.199531612492998,600.130508773258,0.321888403554721,600.400598156026,0.474280685207333,599.96824989024,0.597701856085265,,,,,598.372072337633,0.732460082589649
571.255714818541,0.14931217163077,566.216692876106,0.202910419869444,600.839861323483,0.323071242789881,600.582111940411,0.488230760147154,600.126739436513,0.611962672399436,,,,,598.503330355926,0.746614978880596
572.612232105623,0.149923700389357,567.574132728126,0.206538735973729,601.168133165791,0.31292016713851,601.028263906098,0.461674003730656,600.471440812681,0.587136172467564,,,,,598.885930752577,0.720918275929935
573.968686963499,0.150331085643347,568.931621136195,0.210325830359367,601.823246181097,0.313139727188772,601.13316760783,0.475782792605937,600.616295399149,0.600010670219369,,,,,599.054233418618,0.733667993883699
575.325037772698,0.15039823172301,570.289144227156,0.214226337803114,,,601.775900564698,0.460719561564198,600.935131556566,0.575310787326754,,,,,599.375598625346,0.709332219884032
576.681388581896,0.150465377802673,571.646549396284,0.21774124084929,,,,,601.106156571238,0.589056702950661,,,,,599.544094590708,0.722714026614991
578.037739391095,0.150532523882337,573.00391294594,0.221120048225736,,,,,601.53182838024,0.56980351838675,,,,,599.827089155678,0.697706254068702
579.394090200294,0.150599669962,574.36126262244,0.224453490378938,,,,,601.596017743327,0.578102735681952,,,,,600.033650553343,0.710762024434923
580.750434072914,0.150644133430041,575.718570679468,0.227650836862409,,,,,,,,,,,600.334472620471,0.686450183943197
582.106507418974,0.149803975044833,577.075830180447,0.230689405064528,,,,,,,,,,,600.823799676018,0.67374965557961
583.462559955298,0.148895768824759,578.432999505906,0.233433099315563,,,,,,,,,,,601.313479629994,0.662203105082282
584.818452950317,0.147465862537384,579.790037036374,0.235745823945784,,,,,,,,,,,601.991569194435,0.661955980803294
586.174262706394,0.145763764910547,581.146887279223,0.237446118062217,,,,,,,,,,,,
587.529954540637,0.143676062886139,582.503564107611,0.238579346888105,,,,,,,,,,,,
588.885479896997,0.141043978182809,583.859977346016,0.238850636472364,,,,,,,,,,,,
590.240949760729,0.138230432586504,585.216258789429,0.238690956435809,,,,,,,,,,,,
591.596267019735,0.134917869534519,586.572193403919,0.237397145818165,,,,,,,,,,,,
592.922183095393,0.131463436937005,587.927892174741,0.235332126405379,,,,,,,,,,,,
594.212586862065,0.127083753955157,589.283292672688,0.232291754692857,,,,,,,,,,,,
595.44263909285,0.123754548620047,590.542806534147,0.229302081661696,,,,,,,,,,,,
596.495942349326,0.118456197296111,591.596101312582,0.223976007145777,,,,,,,,,,,,
597.646876723772,0.116176307617501,592.74019378378,0.221558387961182,,,,,,,,,,,,
598.60243366067,0.110118079510126,593.585767035562,0.214582921290479,,,,,,,,,,,,
599.734290948178,0.108176115543578,594.720226484793,0.212665320273114,,,,,,,,,,,,
600.455592448488,0.101392021558445,595.299110714123,0.204816750185457,,,,,,,,,,,,
601.382773447769,0.100721161931947,596.443558960229,0.203162514950115,,,,,,,,,,,,
584.7328469,0.136463435,597.02239958821,0.19517136844655,,,,,,,,,,,,
586.0906644,0.13469031,598.187250750854,0.193773131832363,,,,,,,,,,,,
587.4485514,0.132530735,598.601901270425,0.185003407752981,,,,,,,,,,,,
588.824538,0.129737609,599.766428776891,0.182546815436089,,,,,,,,,,,,
590.1645545,0.126938572,600.345062298457,0.173878430956959,,,,,,,,,,,,
591.5226623,0.123551449,601.357104143642,0.171255264711671,,,,,,,,,,,,
592.8514123,0.120023601,,,,,,,,,,,,,,
594.1450691,0.115570222,,,,,,,,,,,,,,
595.377811,0.112172635,,,,,,,,,,,,,,
596.4346077,0.106810321,,,,,,,,,,,,,,
597.5876525,0.104468293,,,,,,,,,,,,,,
598.5469874,0.098349274,,,,,,,,,,,,,,
599.6807742,0.096346864,,,,,,,,,,,,,,
600.4060027,0.089511998,,,,,,,,,,,,,,
601.3343169,0.088793655,,,,,,,,,,,,,,
