1069.8,1879.3,2972.4,3714.9,3887,4303.5,5118.8,6226.8,7345.2,7609.6,7533.6,6884.9,6147.4,5711.3,5509.7,5680.5,5771.9,5882.9,6068.2,6221.4,5788.9,5413.2,4586.6,3941.5,3543.8,3286.8,3077,3153.5,3242.9,3136.8,3249.8,3540.2,3571,3535.1,3697.5,3631.8,3591.7,3647.1,3606.9,3412.2,3386.1,3335,3288.3,3312.4,3269.5,3195.3,3113.3,3046.7,2929.8,2888.4,2945.4,3043.4,3187.2,3447.5,3873.2,4439.4,5193.3,5878.6,6464.8,6970.3,7367.5,7321.4,7207.3,6929.9,6488,5912.4,5402.1,5194.9,5153,5082,4960.2,4827.7,4943.7,4964.1,4853.3,4851.9,4985.2,5057,5004.8,5151,4903.2,4706.5,4522.8,4148.3,3801.9,3590.5,3310.8,3082.7,2963.4,2746.5,2755.2,2772.8,2640.8,2611.9,2680.1,2606,2472.7,2381.3,1742.4,1073.4
1055.3,1919.6,2935.8,3618.6,3982.5,4263.6,4892.1,5973.9,6980.6,7671.3,7601,6983.7,6289.7,5530.1,5445.4,5474.2,5560.1,5669.3,5885.8,5925.1,5812.7,5288.1,4526.8,3937.7,3633.6,3300.3,3135.3,3264.5,3152.5,3099.7,3347.8,3506.9,3428.3,3542,3601.5,3629.7,3707.8,3832.3,3737.5,3588,3500.3,3449.8,3473.4,3503.6,3465.6,3324,3287.5,3186.6,3077.3,3041.1,3052,3161.7,3356.1,3685.3,4078.4,4418.9,4987.6,5813.3,6483.9,6828.8,7003.2,7098.3,7082.1,6857.5,6381.2,5797.6,5577.2,5575.9,5428.7,5197.8,5110.6,5098.5,5054.5,4877.3,4826.8,4877.2,4871.9,4798.7,4931.6,4875.6,4725.2,4751.6,4477.7,4113.3,3894.2,3770.1,3428.8,3306.5,3175.6,2944.6,2887.4,2782.4,2634.8,2522.5,2540.9,2445.7,2426.7,2254.9,1756.3,1130.5
1138.2,2017.1,3004.7,3648.6,3948.2,4172.9,4941.1,6124.4,7009.4,7729.7,7525.6,6997.4,6222.3,5526,5431.1,5473.4,5570.2,5676.8,5884.7,5867.3,5839.4,5170.2,4457.5,3891.6,3612.9,3229.9,3142.9,3316.6,3210.3,3235.7,3473.2,3480.8,3471.3,3639.2,3688.2,3727.6,3800.7,3907.8,3764.2,3667.5,3569,3460.6,3384.4,3417.4,3376,3310.9,3269.3,3207.2,3100.1,3043.7,3075.3,3178.2,3368.4,3619.2,3948.9,4434.8,5126,5879.3,6438.2,6854.9,6929.4,6878.1,6843.2,6712.1,6272.1,5794.6,5641.6,5541.9,5388.2,5228.7,5024.3,4964.1,4930.6,4835.1,4768.5,4837.9,4799.8,4604.8,4818.1,4792.8,4668.6,4484.9,4296.4,3882.5,3732.2,3568.4,3291.6,3239.1,3003.6,2865.8,2863.7,2735.5,2603,2514.4,2436.6,2412.8,2413.2,2040.7,1585.8,1063
1020.5,1857.3,2898.5,3498.6,3858.9,4215.3,4798.3,5898.1,6949.8,7546,7642.2,6924.9,6169.5,5446.3,5385.9,5565.9,5574.2,5613.3,5845.8,5918.7,5752.1,5419.2,4566.2,3940.1,3631.8,3368.6,3214.5,3399.5,3284.1,3198.8,3369,3545.6,3509.1,3618.6,3698.1,3686.9,3711.5,3743.9,3631.5,3585.2,3664.9,3514.2,3491,3462.1,3448.1,3337.9,3278.6,3186.3,3079.2,3027.7,3025.3,3152.6,3345.7,3642.4,3934.3,4366.1,5039.6,5820.5,6445.6,6819.1,7035.3,6959.1,6874.8,6671.7,6231.3,5666,5403.9,5406.9,5403.8,5323.2,5187.1,5076.5,5149.9,4988.8,4671.3,4483.4,4620.9,4576.4,4581.2,4670.4,4532.2,4229.8,4194.7,4076.9,3837.5,3760.2,3477.2,3339.8,3292.7,3067.8,2849.8,2777.4,2609.4,2456,2498.3,2437.1,2361.7,2151.7,1710.4,1129.8
1074,1843.5,2830.2,3628.7,3997.8,4256.5,4928.6,5993,6945.1,7693.7,7472.4,6826.6,6177.2,5576.9,5471.7,5458.6,5532.7,5609.1,5768,5801.3,5801.7,5198.5,4484.2,3890.8,3547.3,3223.3,3106.7,3198.4,3216.6,3154.7,3388.3,3611.2,3547.2,3628.3,3772.2,3793.8,3804.4,3924.2,3756.3,3635.8,3527.7,3496,3409,3433.1,3369.9,3193.5,3048.5,2968.7,2897.1,2895,2979.7,3083.7,3293.2,3598.7,3953.5,4351.5,5032.1,5878.6,6491.2,6962,7029.9,6990.1,6913.5,6771.5,6401.2,5973.4,5653,5539.1,5498.3,5327.4,5101,5087.7,5124.9,5012.1,4826.2,4840.6,4759.7,4604.5,4831.2,4720.5,4535.9,4343.2,4065.3,3928.1,3759.1,3561.6,3393.5,3288.4,3117.3,3086.9,3015,2759.2,2736.1,2579.1,2484.6,2494.3,2411,2067.6,1643.4,1080.4
1098.6,1872.7,2827.3,3593.4,3910.1,4131.8,4884.9,6042.9,6906.5,7626.4,7369.7,6850.6,6142.3,5561.4,5417.8,5501.5,5641.4,5682.6,5781.9,5799.6,5912.3,5222.9,4565.5,3917.8,3552.9,3235.4,3192.8,3343,3185.9,3167.8,3480.5,3499.3,3426.9,3493.9,3580,3641.8,3704.3,3805.6,3703.2,3597.3,3479,3415.3,3350.5,3378.1,3297.7,3226.3,3212.9,3164.7,3092.6,3084,3108.4,3155.8,3335.7,3592.4,3924.9,4369.6,5100.6,5887,6435.3,6870.7,7013.8,7111.6,7054.5,6854.8,6404.5,5910.3,5612.8,5470.1,5337.9,5153.7,5043,5097.6,5038.3,4874,4829.8,4822.7,4681.9,4506.2,4786.2,4700.4,4582.1,4410.4,4140.4,3811.7,3712,3483.8,3309.5,3288.5,3036.1,2935.5,2869.9,2733.6,2734,2618.3,2496.5,2489.3,2425,2054.7,1677.6,1098.7
1088.9,1968.2,2973.3,3641.3,3955.3,4197.5,4931.3,6006.2,6894,7651.5,7439.3,6908.2,6206.9,5623.8,5516.1,5527.7,5632.1,5746.1,5904.8,5877,5872.1,5290.1,4583.2,3966.8,3715.5,3312.2,3164.7,3301.6,3211.4,3197,3487,3553.5,3511.9,3630.2,3593.8,3580.2,3628.8,3737.8,3639.8,3565.6,3491.1,3408.8,3352.6,3374.7,3302.8,3148.2,3050.8,3016,2966,2983.3,3030.5,3100.5,3283.1,3535.3,3810.7,4318.9,5043.1,5826.2,6482,6979.3,7082.2,7057.4,6966.7,6752.2,6291.3,5724.7,5548.3,5505.1,5398,5190.9,4982.9,4971,4971.8,4835.8,4769.5,4826.4,4761.4,4553.5,4821.5,4767.7,4594.3,4444.9,4273.6,4073.8,3941.7,3667.6,3348,3319.6,3095.3,2947.9,2936,2781.6,2659.5,2571.9,2458,2366.2,2386.1,2060.9,1651.5,1107.6
1074.2,1984,3116.7,3605.2,3828,4242.6,4937.5,6078.7,7142.8,7530.1,7498.6,6656.2,5954.9,5426.3,5321,5347.5,5467.4,5627.4,5923.9,6007.2,5757.6,5359,4426.1,3793.1,3522.2,3327.8,3163.3,3307.1,3326.6,3203.3,3342.9,3626.1,3511.7,3518.6,3647.6,3723.1,3716.4,3733.9,3612.7,3435.6,3301.3,3269,3208.2,3234,3323.8,3175.9,3083,2966.3,2866.3,2825.2,2825.6,2919,3153,3546.4,3893.6,4497,5303.5,6127.7,6734.2,7019.4,7075.1,6901.3,6702.6,6352.9,5917.9,5354.9,5084,5117.2,5095,4998.3,4828.6,4737.7,4892.6,4799,4783.9,4946.5,5062.7,4944.3,4980,4737.7,4493.7,4421.4,4246.9,4046.6,3890.5,3709.9,3430.3,3367.1,3227.5,3067,3063.5,2848.2,2742.7,2654.3,2497.8,2401.8,2455,2177.1,1667.3,1097.2
1080.1,1858,2968.9,3865.6,3927.4,4079.4,4922.7,5932.1,6891.6,7552,7348.9,6839.6,6060,5590.3,5395.8,5469.4,5512.9,5581.1,5715.4,5924.5,6050.3,5127.3,4318.3,3788.7,3463.2,3136.4,3153.6,3263.3,3182.9,3255.2,3566.5,3464,3465.9,3606,3658.6,3605,3718,3767.4,3645.8,3560.7,3549.5,3583.1,3478.4,3475.7,3358,3332.6,3326,3245,3078.4,2941,2945.4,3118.6,3368.8,3625.8,3979.2,4481,5163.7,5883.4,6446.6,6879.6,7032.1,7096.5,6961.6,6658.8,6189,5805.7,5659.2,5528.9,5361.7,5135,4977.9,5011.7,4918.6,4742.9,4740.9,4744,4541.2,4675.6,4914.1,4753.9,4594.5,4443.3,4137.6,3749.8,3746.7,3435.6,3296.6,3237.2,2995.9,2963.4,2853.7,2707.4,2563.9,2477.2,2350.9,2401,2367.8,2046.3,1683,1083.6
1071.7,1995.2,3058.8,3578.4,3912.5,4199.7,4831.2,5996.4,6984.2,7587.3,7455.8,6779.3,6131.3,5514.5,5472.4,5484,5656.4,5833.4,5998.5,5932.2,5665.7,5178.5,4422.2,3849.7,3574.5,3261.9,3082.2,3287.5,3240.4,3137.4,3345,3571.8,3466.6,3513.6,3579.5,3587.3,3636.1,3764.3,3676.8,3475,3382.4,3359.7,3400.6,3398.9,3388,3289.9,3266.9,3126.7,2994.3,2984.2,3025.4,3098.6,3284.9,3597.6,3876.3,4369,5043.5,5747.2,6387.7,6784.7,6981.4,7044.6,6962.5,6707.8,6291,5755.1,5446.5,5405.2,5375.5,5290.1,5104.6,4948.1,4909,4689,4534.9,4610.1,4703.8,4541.6,4600.7,4667.1,4550.4,4452,4265,4009.2,3760.9,3720.9,3415.8,3366.5,3305.8,3070.3,3083.5,2855.3,2631.5,2514.3,2502.6,2398.4,2406.4,2215.8,1667.4,1092.6
1056.9,1836,2883.8,3729.3,3808.5,4028.5,4836.3,5851,6947.6,7467.7,7390.7,6722.1,5901.9,5588.6,5374,5546.6,5611.2,5792.6,6169.4,6284.3,5865.7,5271.3,4674,3977.5,3501.9,3371.5,3293.1,3126.7,3280.1,3343.2,3329.2,3501.1,3723.8,3581.6,3581.1,3699.4,3724,3697.6,3659.4,3550.3,3376.2,3385.5,3352.1,3375.5,3367.9,3279.7,3129.7,2962.4,2925.6,2948.5,2978.5,3073.6,3277.7,3527.3,3879.5,4380.7,5017.4,5754.1,6442.4,7049.4,7181.8,7127.5,6960,6731.7,6319,5904.6,5645.7,5401.8,5340.2,5288.4,5148.9,5055.2,5080.8,5081.1,4954.8,4784.2,4854.9,4850.5,4816.6,4805.7,4835,4654.2,4622,4473.4,4111.7,3817.7,3685.3,3401.1,3180.6,3185.6,2957.5,2787.9,2689.1,2569.7,2504,2545,2397.9,2099,1807.3,1112.3
1068.6,2005.2,3040.8,3647,3914.1,4171.2,4864.1,5879.9,6726.9,7380.2,7190.7,6634.4,5976,5390.8,5386.1,5453,5581.3,5700.3,5888.4,5879.4,5827.2,5247.1,4402.5,3803.9,3641.2,3282.9,3141,3348.8,3204.5,3121.1,3419.9,3604.5,3442.6,3522.9,3624.9,3664.5,3719,3853.6,3705.3,3507.9,3439.8,3449.7,3413.7,3383.5,3355.4,3268,3254.7,3145.7,3057.9,3053.7,3107.5,3204.3,3373,3567.7,3831,4370.8,5064.2,5788,6399.4,6807.8,6994.6,7082.6,7012.8,6784.2,6323.3,5780.4,5497.5,5399.4,5322.6,5167.6,5066.9,5069.9,5096.3,4884.1,4657.5,4746.6,4827.2,4628.7,4781.5,4809.4,4655.4,4413.9,4238.1,3907.5,3677.5,3561.7,3241.1,3225.1,3096.6,2862.9,2773.1,2705.3,2579.1,2472.2,2434.5,2348.1,2383.7,2141.6,1660.4,1087.5
1090,1921.3,3059.7,3671.5,3936.3,4295,4916.4,5969.7,7072.2,7460.2,7524.2,6788,6088.9,5553.5,5426.3,5532,5632.9,5835.1,6052.9,6126.4,5699.5,5351.3,4505.9,3809.4,3471,3371.3,3124.8,3204.5,3310.5,3158.5,3254.5,3616.3,3556,3536.6,3713.8,3735.7,3733.6,3820.5,3806.5,3560.2,3461.4,3362.1,3285.7,3228.5,3276.5,3216.6,3143.3,3074.7,2967.6,2880.1,2818.3,2884.4,3066.5,3346.4,3688.7,4207.8,5029.5,5858.4,6598.5,7015,7281.9,7191.8,7055.9,6748.9,6247.1,5603.7,5098,5077.6,5105.3,5070.2,4902.2,4742.7,4880.4,4859.9,4664.3,4640.2,4770.7,4760.1,4691.5,4854.6,4645.6,4389.4,4220.6,4083.3,3804.5,3699.5,3488.5,3306.4,3248,3036.4,2946.5,2854.9,2679.6,2483,2436.1,2370.7,2337.7,2280.9,1701.9,1105.7
1074.1,1983.1,3046.6,3651.4,3971.3,4183.4,4776.6,5952.2,6956.3,7561.7,7463.6,6793.7,6097.3,5370.1,5321.4,5377,5504.3,5633.5,5880.3,5917.9,5708.3,5199.3,4447,3866.3,3608.8,3291.7,3163.8,3351.3,3173.8,3072.2,3277,3429,3383,3525,3599.5,3592.7,3609.5,3718.3,3649.9,3550.1,3529.6,3408.4,3343.4,3323,3326.4,3242.7,3197.5,3149.7,3067.4,2995.8,3014.1,3133.7,3318.9,3645,3997.4,4431.2,5072.9,5839,6500.8,6930.3,7151.1,7146,7040.4,6782.4,6336,5769.5,5503.4,5483.1,5339,5144.1,5014.3,4946,5014.5,4911.7,4737.9,4654.7,4771.1,4631.4,4738.8,4826.9,4650.6,4367.5,4254.4,3961.7,3574.7,3589.6,3341.4,3313.3,3233.9,2904.5,2740.6,2655.4,2567,2509.3,2510.2,2437.6,2418.7,2176.7,1645.6,1073.6
1063.1,1814.1,2832.1,3585,3849.7,4158.5,4846.7,5820.2,6885.5,7388.3,7483.5,6697.9,5887.1,5598.6,5461.1,5634.3,5701.7,5925.3,6241.2,6160.7,5730.9,5264.3,4605.9,3879.7,3513.5,3444.6,3186.3,3113.5,3363.4,3239.2,3302.6,3538.6,3561.3,3469.2,3574,3629.6,3621.6,3608.7,3616.6,3475.3,3357.3,3357.9,3262.6,3278.6,3294.4,3234.7,3115.3,3075.3,2970,2891.5,2918.5,3024.9,3250.9,3534.1,3955.7,4429.1,5157.4,5957.4,6476.2,6909,7061.2,7077.1,7005.9,6796.9,6360.7,5907.7,5537.8,5309.7,5255.7,5197.4,5104.5,5079.5,5065.6,5143.2,5027,4901.9,4965.6,5010.3,4865.9,4858,4882.9,4719.6,4650.6,4474.4,4084.6,3603.8,3316.3,2869.2,2681.4,2725,2709.4,2712.9,2660.1,2570.8,2544,2656.4,2416.9,2102.6,1665.8,1111.9
1046,1900.1,2993,3672.8,3893.3,4227.3,4777.1,5880.2,7034,7426.1,7445.7,6699.8,6065,5612.7,5522.3,5644.6,5708.4,5926.2,6119.7,6203.5,5698.1,5291.7,4530.4,3895.6,3481.4,3321.7,3087.2,3111.9,3300.8,3276,3360,3655.9,3580.2,3502,3648.3,3626.4,3635.8,3698.4,3661.5,3501,3515.2,3455.3,3410.2,3380.6,3380.8,3300.1,3244.4,3213.7,3053.4,2982.2,2979.3,3047.4,3227.5,3516.8,3907.6,4333.8,4897.9,5645,6358.4,6793,7116.1,7067,6972.2,6781.4,6409.7,5915.9,5500.1,5237.7,5255,5311.4,5178.6,4888.8,4906.7,4987.3,4869.7,4591.9,4755,4816.1,4680.2,4776.2,4733,4478.3,4167.9,4022.3,3549.8,3335.7,3064.8,2831.3,2879.4,2799.4,2687.9,2640.1,2646.1,2545.6,2589,2541.3,2379.8,2284.6,1733.7,1123.1
1049.1,1880.9,2944.8,3514,3810.2,4175.9,4775.4,5925.8,7024.6,7441,7466.7,6754.5,6099.4,5574.7,5507.6,5611.5,5667.8,5777,5954.7,6028.3,5741.8,5421.8,4576.8,3916.5,3565,3399.4,3140,3232.6,3296.7,3142.5,3262.4,3616.7,3539.7,3557.3,3744.6,3746.4,3737.7,3805.6,3773.1,3581.4,3541,3480.9,3471.4,3390.7,3376.8,3258.5,3195.8,3111.3,2993.7,2959.3,3009.1,3119,3256.2,3529.2,3841.3,4369.5,5101.5,5769.9,6409.1,6759,6995.2,7053.1,7016,6717.4,6322.8,5861.5,5488.2,5295.3,5324.4,5287.6,5126.6,4891.4,5075.5,5101.7,4927.7,4755.5,4888.5,4816.4,4687.1,4840.5,4742,4459.4,4240.6,3952.9,3437.1,3200.1,2803.4,2743.2,2855.7,2768.7,2836,2791.4,2690.9,2680.7,2721,2593.6,2450.1,2258,1645.3,1110.8
1064.5,1777.3,2738,3598.9,3794,3924.3,4720.2,5725.3,6861.2,7562.9,7400.3,6802.8,6018.7,5611.2,5332,5397.5,5407.9,5611.8,5931.2,5926.9,5680.9,5071,4455.4,3805,3405,3221.9,3046.8,3004,3172.5,3048.5,3098.1,3331.2,3412.7,3352,3468.5,3584.9,3621.3,3718,3632,3481.2,3372.9,3445,3378.3,3366,3386.6,3388.8,3253.5,3144.5,3075.8,3028.9,3079.7,3166.6,3266.5,3453.5,3879.5,4424.4,5078.2,5726.3,6356.4,6874.6,7101.9,7206.3,7073.9,6735.7,6246.6,5908.9,5636.9,5370.6,5108,5153,5206,5168,4977.4,4924.7,4921.4,4854.8,4571.1,4834.7,4930.2,4867.5,4826.2,4699.2,4348.2,4112.5,3990,3475.1,3149.1,2774.2,2753.9,2971.3,2867.4,2864.2,2786,2636.2,2626.7,2626.1,2518.9,2242.2,1876.5,1122.6
1124.7,2046.3,3110.2,3693.6,3987.4,4254.7,4939.2,6104,7037.8,7617.7,7435,6677,5980.1,5307.5,5252.8,5286.4,5460.1,5595.2,5758.8,5736.4,5637.5,5093.7,4350.7,3803,3586.9,3212.9,3052,3249.9,3093.4,3048.1,3398.7,3596.9,3471.6,3574.7,3624.8,3588.6,3584.9,3719.5,3620.3,3550,3534.4,3458.3,3425.9,3373.8,3320.2,3210.4,3123.5,3024.8,2935.1,2920.1,2931.9,3021.6,3242.4,3552.2,3879.3,4304.6,4957,5741.9,6372.4,6792.3,6970.9,6918.2,6894.5,6743.2,6323.2,5872.6,5533,5354.8,5347.7,5213.7,5031.6,4939.9,5038.2,4914.2,4719.3,4670.3,4794.3,4635.9,4838.2,4901.1,4721,4545.9,4295,3919.4,3652.1,3566.8,3212.6,3104,2981.1,2832.4,2906.3,2700.9,2554.6,2432.3,2384.1,2325,2334,2047.9,1573.8,1065.6
1149.1,2121.7,3176.9,3807.3,4035.3,4214.3,4973.5,6109,6993.4,7709.2,7388.7,6798.3,6024.4,5381.8,5316.8,5366.9,5495.8,5635.4,5809.4,5765.7,5760,5116.9,4403.8,3875,3704.9,3256.8,3097.6,3287,3232.8,3160.8,3465.6,3590.3,3449.4,3482.1,3601.9,3629.8,3656,3774.6,3625.8,3521.1,3450.8,3395,3298.9,3277.1,3273.2,3233.7,3175.4,3085.8,2999.3,2956,2980.3,3121.8,3312.8,3551.7,3877,4348.9,5086.4,5877.5,6476.4,6923.5,7014.7,6995.3,6983.2,6787.2,6325,5836.6,5539.8,5448.2,5377.4,5192.5,5004.4,5016.8,4999.2,4823,4740.8,4841.7,4805.6,4570.6,4791.9,4689.1,4572.3,4456.1,4193.8,3903.7,3729.8,3466,3199.7,3214.7,3038.3,2953.9,2962.7,2710.1,2560.1,2534.5,2455.3,2405,2451.4,2106.1,1647,1069.7
1068.8,1981.9,3097.4,3678.9,3989.6,4228.9,4851.7,6018.1,6969.5,7477,7331.8,6666,6012.7,5362.6,5437.4,5547.9,5562.6,5684.6,5929.2,5910.6,5666.8,5219.5,4393.1,3788.4,3495.7,3269.7,3078.2,3146.9,3241.8,3194.5,3349.5,3675.3,3563.3,3567.8,3677.7,3734.3,3723.6,3788.4,3712,3614.4,3563.2,3531.2,3486.1,3378.9,3354.5,3278.4,3207.7,3102.9,3002.2,2969.8,3008.9,3107.4,3270.8,3591.6,3973.4,4508.7,5154.3,5850.8,6482.8,6935.5,7123.8,7016.1,6896.4,6727.3,6294.7,5748.1,5468.8,5297.9,5330,5280.4,5131.9,4932,5067,5019.7,4779.7,4536.8,4738.8,4680.2,4656.2,4660.5,4504.7,4171.7,4087.1,3863.7,3523.6,3488.8,3191.4,3125.3,3121,2872.6,2794.4,2708.9,2604.1,2524.3,2549.6,2469.9,2473.3,2218.9,1615.6,1087.2
1127.4,2086.9,3102.9,3698.1,4012,4241.7,4900.1,5978.2,6956.4,7703.3,7433.4,6774.4,6045.7,5354,5288.4,5316,5434,5606.2,5819.7,5786.1,5739.2,5224.5,4532.5,3920.2,3650.5,3256.1,3076.7,3175.4,3107.5,3044.3,3354.5,3582.7,3442.1,3490.4,3622.7,3642.8,3616.4,3728.1,3653.4,3540.2,3445.9,3423.2,3349.4,3376.3,3386.5,3251.7,3155.9,3095.2,3012,2969.2,2995.4,3072.7,3249.6,3561.3,3894.3,4222.5,4856.7,5618,6251.8,6720.2,6962.6,7083.2,6940.1,6597.2,6193.4,5734.9,5614.2,5561,5419.7,5206.3,5117.4,5070.2,4948.6,4707.8,4739.9,4672.6,4614.3,4498.6,4762,4647.7,4533.5,4501.6,4140.2,3914.3,3782.5,3573.1,3341.5,3233.9,3043.5,2890.3,2911.6,2729.9,2692.4,2580.6,2386.4,2336.7,2429.3,2182.7,1664.9,1066.7
1108,1874.7,2882.2,3715.6,4055.8,4164.4,4934.9,6061.2,6979.5,7748.5,7358,6720,5962.9,5527.2,5678.2,5693.9,5602.5,5727.4,6160.3,6316.3,6118.1,5263.5,4561.9,3978.6,3503.4,3277.6,3392.7,3153.5,3141.3,3447.9,3350.3,3361.1,3628.1,3680.4,3540.1,3660.6,3654.4,3578,3486.5,3427.6,3254,3185.3,3197.3,3181.7,3227.9,3144.2,3007.5,2906.3,2889.4,2853.8,2843.2,2919,3113.5,3476.4,3813.2,4310.3,5119.6,5967.1,6720.5,7109.2,7379.4,7267.9,7139.2,6816.4,6259.8,5624.7,5298.2,5228.5,5077.8,4933.6,4931.6,5085.2,5065.8,4929.7,4955.3,5237.1,5217.2,5214.4,5347.1,5421.2,5163.3,4989.6,4835.9,4491.1,4137.8,4090.3,3867.9,3500.3,3235,3151.8,2916.1,2650.3,2468.6,2386.8,2400,2334,2183.8,2044.1,1687.7,1114.7
1085.7,2034.9,3122.7,3710.1,3930.6,4274.9,4923.5,6122.9,7132.5,7401.5,7251,6607.8,5997.5,5468.4,5531.4,5685.8,5709.1,5901.5,6095.8,6058.3,5599.4,5130.8,4368.1,3755.5,3420.5,3290,3096.1,3188.7,3251.1,3143.6,3299,3657.3,3562.2,3572.1,3722.2,3680.8,3686.6,3719.7,3613.3,3403.9,3358.1,3305.7,3293.3,3291.4,3296.1,3190.5,3099.5,3004.5,2875.1,2812.8,2831.9,2994.1,3245.1,3583.8,3924.6,4475,5250.8,5942.1,6567.2,6898.7,7083,6979,6869,6706.9,6331.7,5790.4,5381.3,5216.7,5187.6,5065.3,4973,4924,4993.4,4947,4787.8,4587,4747.4,4775.2,4720.9,4828.9,4739,4468,4272.9,4123.3,3732.2,3587.8,3295.4,3060.8,2980,2915.2,2760.9,2670.5,2619.5,2418.4,2369,2359,2288.8,2117.8,1691.7,1087.6
1074.9,1842.9,2930.6,3830.5,3851.1,4066.4,4819.3,5858.7,6988.6,7435.1,7396.5,6721.6,5962.7,5656.4,5488.9,5623.5,5667.8,5834.8,6155.4,6199.5,5755.9,5238,4600.8,3925.4,3496.9,3404.5,3144.2,3106.6,3387.6,3293.2,3352.4,3578.4,3592.3,3477.9,3585.1,3651.6,3675.1,3698.4,3660.4,3504.5,3373.4,3347.1,3311.5,3362.4,3363.5,3340.3,3179.5,3037.9,2983.7,2973.7,2956.3,2949.1,3189.3,3500.6,3853.3,4215.5,5038.3,5844.3,6325.1,6795.1,7138.4,7208.2,6987.5,6740.7,6338.6,5933.5,5568.1,5364.5,5304.1,5294.2,5171.9,4939.9,4782.4,4882.8,4807.4,4567.7,4445.1,4656.5,4517.7,4599.4,4633,4469.5,4239.7,4156.5,3911.4,3633.5,3551.5,3246.3,3087.5,2999.1,2879.5,2902.3,2625.4,2449.3,2430.4,2443.8,2240.5,2041,1681.9,1119.3
1062.1,1992.5,3051.6,3730.2,3960.4,4094.8,4706.9,5791.6,6733.9,7417.1,7295.2,6753.7,6130.5,5524,5489.6,5484.2,5561.1,5755.5,5987.9,5854.3,5615.2,5150.5,4325.4,3756.6,3564.4,3253.4,3063,3214.5,3145.1,3120.8,3351.6,3471.9,3340.2,3377.1,3496.5,3582.3,3634.5,3721.5,3609.7,3441.1,3386.3,3407.9,3427.6,3365.3,3306.1,3195.8,3142.9,3057,2961.3,2915.2,2930,3055.6,3228.5,3557.1,3867.9,4368.1,5073.4,5822,6456.3,6842.8,7022.6,6966.1,6885.2,6662.2,6183.7,5626.1,5394.9,5397.2,5337.3,5171.3,4976.6,4816.6,4965.2,4886.9,4680.9,4571.5,4748.9,4627.9,4630.6,4740.7,4630.9,4396.1,4216.5,3902,3614.1,3622.8,3348.8,3209.1,3137.5,2924.9,2831.9,2759.4,2604.1,2459,2480.6,2377.9,2312.7,2124.3,1663.6,1086.2
1041.2,1977.1,3065.8,3610.4,3808.5,4126.5,4738.7,5939.1,6986.8,7307.8,7215.5,6587.2,6006.8,5570.7,5552.2,5641.9,5725.7,6007.6,6198.7,6178,5672,5283.1,4470.6,3822.2,3492.8,3397.8,3141.2,3223.3,3313.5,3207,3354.2,3677.6,3620.9,3538.3,3679.3,3739.9,3821.8,3833.1,3727.4,3508.2,3459.7,3421,3377.9,3336,3358.8,3285.1,3202.4,3121.4,3011,2940.8,2952,3063.1,3282,3563.5,3912.8,4432.2,5153.8,5836.7,6422.5,6854.4,7178.1,7060.7,6876,6639.5,6278.4,5806.6,5404.3,5153.2,5169.9,5244.4,5170,4936.5,4940.9,5063.3,4956.1,4752,4880.5,4989.7,4843.7,4818.1,4726.6,4511.5,4209.6,4014.2,3541,3287.7,3053,2771.4,2791.5,2700.8,2626.6,2638.7,2564.5,2544.1,2662.6,2673.8,2418.5,2266.1,1696.8,1081.3
1078.4,2017.7,3184.5,3710.4,3892.2,4229.1,4827.6,6013.2,7265.7,7524.3,7513.5,6722.3,5986.3,5466.2,5329.3,5488,5597.4,5742,5971.9,6120.5,5725,5419.9,4551.9,3897.8,3556.3,3421,3128.8,3169.2,3320.6,3194.8,3251,3579.8,3540.4,3440.7,3535.1,3558.4,3532.1,3539.5,3539.4,3397.6,3339.6,3320.4,3317.2,3299.9,3244,3135.9,3054,3009.1,2930.3,2853.1,2842.4,2907.1,3103.6,3383.2,3697.8,4102.4,4868.7,5664.1,6363.4,6800,7038.5,7021,6990.3,6827.4,6519.5,5989.8,5522.9,5306.9,5259.3,5201.9,5058.7,4901.7,4903.8,4858.7,4685,4635.3,4787.3,4858,4791.4,4914.4,4720.5,4515.5,4369.8,4081.9,3828.9,3650.7,3439.5,3236.9,3230.9,3078.1,2962.9,2936.2,2723.3,2663.2,2599.4,2516.5,2423.8,2355.5,1781.6,1116.8
1107.1,2009.6,3062.9,3776.5,4010.5,4150.5,4879.1,6063.9,6990.9,7700.4,7365.5,6707.4,5937.4,5269.5,5235.6,5322.9,5482.9,5651.2,5879.9,5834.8,5752.1,5134.1,4400.3,3784.5,3556.9,3205.2,3126.3,3267.3,3131,3093.5,3378.8,3510.3,3489.5,3609.9,3647.1,3640.5,3652.3,3779.7,3688.7,3621.7,3534.4,3437.9,3366.3,3369.7,3304.3,3198.2,3152.6,3078.3,2964.8,2927.2,2937.9,3022.6,3226.9,3556.2,3863.6,4246.2,4938,5803.9,6468.5,6890.7,6964.4,6900.9,6883.7,6734.7,6161.3,5534.4,5444.6,5431.6,5344.2,5163.2,4997,5030.5,5052.9,4833.1,4629.2,4688.4,4692.6,4487.8,4771.8,4823.3,4630,4415.5,4170.5,3796.1,3610.5,3486.8,3211.3,3168.9,2953.9,2786.9,2815.1,2710.3,2622.6,2579.8,2529.8,2454.9,2452.1,2155.6,1675,1102.9
1078.6,2060.1,3129.8,3606.9,3894.7,4187.8,4856.3,6096.9,7069.7,7630.5,7428.3,6683.5,5994,5303.2,5295.2,5353.1,5499.8,5665.8,5901.8,5913.7,5845.9,5415.5,4545,3870.1,3543.2,3242.6,3036.8,3149.8,3191.7,3137.1,3384.7,3684.3,3504.6,3527.9,3668.6,3732.8,3749.9,3880.4,3725.6,3541.7,3512.9,3452.8,3401.8,3343.6,3357.7,3257.8,3205.3,3138.6,3044.1,2956,2933.5,3045.7,3205.7,3461.4,3710.6,4166.4,4899,5725.5,6427.4,6839.2,7005.6,6940.9,6903.1,6742,6295.9,5723.9,5406.4,5400.5,5347,5180,5045.2,5003.5,5108.9,4950.9,4698.8,4657.9,4717.6,4581.7,4655,4695.2,4538.8,4438,4213.9,3938.2,3713.7,3671.4,3443.8,3332.2,3187.4,2948.8,2972.7,2786,2614.9,2533.1,2498.9,2375.1,2400.8,2217.8,1657.1,1079.5
1127.7,2079.6,3046.6,3590,3896.8,4141.6,4855.4,6033.8,6951.8,7568.6,7371.2,6721.2,6033.6,5419.2,5555.9,5666.8,5668.8,5762.9,6094,6290.1,6066,5300.5,4545.1,4029.9,3491.9,3239.4,3295.5,3170.5,3130,3458.7,3405.6,3425.1,3622.8,3714.4,3602.7,3649.9,3715.1,3625.5,3461.4,3506.9,3462.4,3344.1,3358.8,3307.5,3280.9,3281.1,3220,3079.4,2978.7,2974,3044.9,3169.3,3283.5,3643.1,4170.7,4703.3,5360.2,6018.3,6610.4,6928.8,7131.4,7178.6,7093.2,6718.9,6281.5,5965.9,5686.9,5452,5284.4,5260,5314.7,5269.9,5178.9,4996.7,5031.5,4975.3,4877.5,4898,5008,4868,4730.7,4813.5,4657,4374.8,4169.4,4071.3,3686.4,3466.7,3307.9,3010.5,2838.6,2703.2,2533.8,2291.7,2222.2,2265.3,2301.9,2121.9,1644.4,1068.5
1030.8,1957.4,3117.2,3693.3,3850.8,4179.9,4779.1,5854.5,6817.7,7269.2,7264.1,6701.2,6071.4,5473.7,5481.8,5609.1,5657,5900.3,6204.4,6181.6,5669.4,5191.2,4379.9,3778.1,3487.3,3346.2,3088.6,3218,3256.1,3125.2,3243.9,3512.8,3429.5,3431.9,3574.6,3607.1,3699.9,3675.5,3509.5,3298.2,3284.4,3246.4,3245.1,3259,3203.4,3080.8,3007.6,2963.8,2887.6,2842.5,2882,3000.4,3204.8,3505.6,3773.9,4343.7,5137.1,5877.5,6475,6815.6,7025.4,7008.2,6923,6625.8,6187.9,5779.4,5489.6,5450.4,5384.3,5184.9,4939.7,4718.5,4855,4828,4637.3,4524.8,4683.6,4661.4,4565,4729.9,4539.9,4245.7,4103.1,3940.5,3534.7,3462.6,3229.7,3069.9,3113.6,2943,2766.6,2707.8,2667.8,2484.8,2432.1,2368,2261.8,2068.7,1664.1,1083.7
1058.5,1964.1,3032,3633.1,3968.2,4171.9,4793.2,5983.9,7031.2,7635.3,7477.6,6500,5771.9,5277.8,5483.3,5623.6,5568.9,5635.9,6062.2,6285.6,5792,5141.9,4457.2,3881.9,3412.6,3275.8,3357.4,3169,3177.2,3522.1,3448.5,3549.3,3749.4,3758.8,3640.6,3672.5,3729.5,3642.1,3443.7,3456.3,3303.2,3133.4,3122.7,3125,3093.5,3090.3,3055.7,2888.2,2731.4,2679.8,2695.1,2806.5,2947,3287.3,3774.6,4531.6,5350.2,6085.6,6668,7205.9,7350.8,7243.5,7019.8,6637.5,5953.1,5238.3,5205.4,5107.5,5009.8,4885.1,4906.3,4899.5,4842.1,4721.9,4868.2,4942.1,5013.1,5080.5,5285.6,5058.2,4941.3,4826.1,4438.2,4146.2,3887.9,3551.8,3241.5,3024.1,2742.4,2591.1,2532.1,2492,2600.5,2602.6,2682.5,2711.7,2544.4,2230.8,1731.9,1071.1
1052.8,1932.9,3027.8,3734.4,3781.1,4061.5,4755.3,5828.1,7019.9,7422.6,7403.6,6662.1,5912.8,5509,5337,5505,5667.4,6083.2,6342.5,6270.4,5715.7,5244.8,4547.3,3857.7,3457.8,3337.6,3083.1,3035,3244.3,3198.6,3255.1,3532.9,3552.7,3415,3473.2,3586,3625.7,3616.4,3620.3,3462.8,3344.4,3343.4,3325.2,3309.8,3307.9,3254.2,3128,3040,2898.1,2819.6,2910.4,2994.9,3149.8,3403.3,3843.3,4279.7,4983.5,5776,6355.9,6804.8,7029.3,7043.5,6936.4,6705.7,6288.1,5840.8,5399.1,5255.7,5320.8,5252.6,5079.1,4955.6,4895,4985.2,4814,4676.3,4758.7,4928.5,4804.7,4845.2,4776.3,4557,4364.1,4124.3,3767.5,3416.9,3236.7,2978.6,2931.8,2883.3,2731.5,2701.4,2567.4,2448.6,2437.2,2470.8,2292.6,2089.6,1705.1,1121.7
1078.6,2080.2,3326.4,3727.7,3826.2,4185.3,4891.6,6081.8,7163.2,7384,7274,6419.4,5750.4,5370.4,5344.1,5468,5552.9,5762.4,6060.3,6103.6,5652.8,5270.2,4467.1,3817.4,3487.9,3423.5,3133.3,3189.4,3364.6,3254.6,3348.1,3750.7,3661.5,3579.2,3720,3727,3654,3740.3,3778.7,3583.1,3595.3,3505,3386.8,3298.8,3324,3268.3,3202,3097.2,2994.6,2957,2949.2,2979.3,3142,3488.5,3844.3,4281,4872.8,5649.4,6407.5,6856.8,7181,7038.2,6840.7,6632.3,6266.7,5843.4,5469.9,5140.2,5222.5,5280.2,5145.2,4939.2,5035.5,5037.3,4806.7,4576.3,4802.5,4909,4803.7,4868.4,4704.9,4516.2,4320.4,3971.8,3402.2,3238.6,3041.4,2900.1,2998.7,2853.2,2791.8,2754.6,2560.6,2433.3,2503.6,2491.1,2359.7,2275.1,1711.4,1100
1087.5,2043.1,3258.1,3748.4,3867,4183.7,4795.4,5904.8,7014.9,7284.6,7255.6,6523.2,5825.4,5319.5,5267,5415.2,5566.2,5872.7,6148.7,6195.2,5704,5381,4556.5,3873.9,3494.7,3429.5,3130.9,3154.3,3319.3,3229.7,3321.6,3701.9,3599,3504.3,3641.9,3669.7,3634.7,3662.4,3642.7,3508.3,3492.3,3500,3479,3348.6,3354.4,3264.3,3116.8,3001.7,2974.7,2993.4,3084.1,3151,3235.5,3543.7,3883.4,4417.1,5158.3,5855,6449.2,6891.5,7221.5,7121.5,6984.2,6805.6,6427.9,5971.1,5618.7,5398.1,5363.6,5230,5071.5,4941.9,5076.1,5033.5,4826.4,4689.3,4851.5,4881,4736.2,4859.8,4683,4446.7,4235.6,4023.8,3707.4,3477.5,3212.3,3033,3020.3,2897.3,2940.2,2883.4,2624.8,2495.8,2479.8,2405.3,2314.4,2245.9,1662.8,1077.4
1086.2,1791.6,2835.2,3661.7,3791.7,3812.3,4728.1,5822.7,6802.5,7424.8,7146.9,6496.7,5765.8,5471.7,5396.6,5432.2,5431.7,5692.2,6121.4,5981.7,5627.4,4883.9,4284.3,3679.2,3343.3,3290.8,3109.9,3024.2,3292.5,3222,3229.9,3428.5,3587.9,3513.1,3537.1,3646.7,3611.4,3536.9,3543.1,3432.6,3282.3,3273,3247.6,3167.2,3170.3,3314.3,3164.7,2983.8,2847,2802.2,2871.8,2957,3150.3,3426.1,4026,4666.9,5431,6136.5,6789.8,7320.3,7469.4,7419.1,7151.1,6589.8,5889.2,5543.1,5247.2,5081.2,4887.1,4863.7,4939.5,4992.2,4953.3,4879.7,4814.6,4717,4450.5,4763.3,4803.3,4674.7,4624.1,4468.1,4207.1,4040.2,3864.5,3454.4,3393.6,3244.5,3090.6,3094.2,2879.1,2751.6,2636,2494.5,2398.4,2503.2,2350.3,2062.7,1740.3,1063.2
1095.6,1969.6,3079.8,3766.5,3848.4,4101.9,4668.2,5759,6997.5,7287.2,7227,6498.5,5825.3,5450.7,5339.9,5511.8,5583.2,5806.8,6195,6348.1,5751,5237.9,4575.4,3907.7,3442.7,3369.6,3126.5,3125.2,3404.6,3348.5,3289.4,3554.3,3716.2,3563.1,3601.7,3715,3729.7,3653,3687.3,3527.3,3442.6,3454.6,3426.1,3315.8,3251.6,3266,3193.8,3070.2,2988.7,2980.5,2985.1,3015.1,3134.8,3423.6,3840.7,4301.6,4926.8,5627.1,6292.9,6755.5,6960.2,7007.3,6920.8,6730.3,6398.7,5997.3,5616.8,5268.3,5063.9,5171.3,5095.3,4918.2,4774.5,4977.8,4903.5,4621.7,4502.7,4794.2,4706.3,4785.7,4765.9,4498.2,4258.3,4013.7,3701.9,3404.2,3253.2,3089.8,3036.3,2949.7,2831.8,2933.6,2675.9,2494.2,2490.8,2493.8,2385.4,2193.2,1783.7,1122.8
1074.1,2049.5,3167.2,3719.5,3851.3,4195.4,4818.4,5991.2,7138,7322.6,7115.2,6265.9,5653.8,5386.1,5375.4,5466.9,5592.6,5912.4,6154.7,6162.7,5596.8,5230.2,4442.1,3760.9,3368.5,3324.1,3116.1,3173.8,3322.6,3220.5,3314.2,3614.6,3543.5,3414.3,3564.9,3586.6,3585,3610.9,3566.2,3360.2,3309,3283.4,3223.9,3169,3191.3,3136.4,3051.5,2990.8,2918.4,2842.8,2832.4,2914.5,3125.3,3428.7,3859.4,4317.4,5116.6,5850.8,6434.7,6830.8,7031,6989,6898.3,6657.1,6279.7,5882,5482.6,5181.9,5094.2,5165.9,5087.4,4956.8,4919.3,5058.4,4914.1,4639.7,4558.6,4749.7,4641,4427.1,4381.8,4262.9,3845.2,3884.1,3620.6,3310,3223.8,2992.6,2859.8,2814.5,2727.8,2606.6,2567,2445.8,2360,2378.5,2238.5,2125.5,1728.4,1122.5
1059.2,2057.6,3307.6,3742.3,3844.2,4203,4910.3,6048.1,7131.6,7430.2,7391,6487.9,5709.8,5238.2,5174.1,5367.1,5473.9,5590.3,5862.6,5972.9,5607.6,5289.4,4499,3858.2,3441.5,3283.6,3072.8,3214.6,3398.7,3259.3,3286,3632.5,3570.2,3599.7,3800.7,3842.1,3800,3868.8,3881.3,3639.5,3536.6,3474.9,3432.5,3344.2,3386.1,3306.2,3213.3,3061.1,2945.3,2937.6,2957.2,3009.9,3176.1,3515.7,3835.5,4299.2,4951.1,5663.8,6324.2,6825.6,7109,6967.6,6840.8,6674.1,6338.2,5891.5,5489.8,5246.2,5298.7,5276.5,5073.7,4823.5,4953.7,4940.9,4760.4,4670,4786.5,4710.5,4557.6,4736.7,4589.6,4415.6,4238.9,3976.7,3649.6,3509.4,3266.5,3117.9,3123.1,2876.8,2768.9,2731.5,2596.3,2455.5,2449.5,2380.2,2271.2,2181.3,1652.5,1090.3
1055.6,2029.2,3108.2,3638,3944.2,4184.8,4774.6,5953.1,6988.1,7578.5,7418.3,6645.8,5951.9,5315.1,5493.3,5699.3,5699.5,5769.9,6069,6218.2,6076.7,5382.5,4544,3942.8,3467.2,3189.5,3241.6,3404.5,3158.6,3292.5,3510.6,3521.1,3601.6,3859.3,3754.2,3701.9,3821.7,3795.5,3619.3,3559.1,3541.9,3339.6,3301.4,3304.5,3332.3,3270.3,3200.3,3060.8,2935.9,2855.6,2867.9,3007.2,3214.8,3484.6,3947.4,4496.8,5158,5831,6403.9,6832.2,7165.2,7222.6,7139.4,6682,6162.6,5930.4,5678.6,5415.8,5176.8,5147.9,5156.4,5051.5,4957.5,5027.5,5019.7,4881,4785.7,5006.8,4973.3,4875.3,4828,4780.7,4527.9,4465,4375.3,3995.1,3825.9,3514,3144.4,2930.1,2928.6,2749.8,2541.6,2375.9,2326.7,2260.8,2181.1,1986.6,1589.6,1076.7
1089.3,1961.9,3073.4,3817,3862.1,4129.1,4801.9,5839.3,6990.4,7394.7,7388.9,6521.9,5744.5,5459.1,5337.6,5489.6,5620.6,5962.7,6236.8,6210.8,5672.8,5115.7,4463.9,3849.1,3444.4,3433,3160.7,3118.2,3391.6,3254.1,3240.7,3568.6,3668.4,3531.7,3729.8,3761.5,3737.8,3698,3656.2,3476.4,3456,3480.4,3351.9,3281.9,3331.7,3318.2,3173.8,3076.8,2988.8,2948.8,2981.3,3022.2,3231.7,3518.6,3925.8,4337.7,5000.9,5765.9,6368.9,6806.3,6996.8,6984.9,6836.8,6587.8,6154.7,5799.6,5474.3,5247.9,5129.1,5186.3,5094.8,4894,4671.8,4895.7,4873.4,4641.6,4455.1,4762.4,4712.8,4658,4660.8,4496.6,4109.4,4000.5,3769.9,3488.3,3357.1,3068.6,2902.8,2843.8,2715.1,2561.5,2522.7,2435,2376.3,2387.6,2212,2016.5,1653.7,1096.1
1062.3,1989.7,3072.7,3702.9,3843.8,4225.2,4915.3,5984.1,7120.4,7470.4,7464.9,6621.2,5901.2,5534.1,5455.5,5579.4,5647.7,5938.4,6266,6327.1,5685.5,5178.4,4493.8,3852.3,3422,3433.6,3166.1,3131.9,3361.6,3250.1,3212.7,3556,3664.2,3569,3697.4,3787.7,3784.3,3733.2,3768.1,3513.1,3333.3,3325.3,3326,3220,3241,3246,3106.9,2937.9,2823.5,2821.6,2829.9,2862.2,3042.4,3455.4,3885.5,4328.8,4934.2,5760,6533.3,6918.2,7069.8,6838.9,6522.4,6295.7,5942.8,5495.2,5031.8,5007.1,5097.8,5013.9,4779.3,4758.4,4897.3,4887.7,4645.7,4797,4914,4870.8,4649.8,4844.5,4571.2,4362.9,4258.6,3955,3737.4,3599.9,3456.8,3311.5,3208.1,2995.2,2866.6,2833.7,2587.7,2468.8,2471.9,2380.3,2254.5,2172.8,1704.8,1109.1
1096.6,2094.1,3286.1,3827.6,3882,4185.3,4798.3,5979.7,7051.6,7440.5,7310.4,6445.8,5875.9,5550.6,5507.4,5552.4,5711.1,6029.5,6282.4,6218.1,5650.2,5207,4488.7,3841.3,3441.8,3373.4,3105.3,3164.3,3360.6,3231.5,3237.9,3552.1,3531.4,3521.4,3703.1,3757.6,3743.2,3749.9,3733.1,3533.4,3431.5,3382,3338,3294.3,3336.1,3268,3186.9,3108.2,3049.6,3015,2969,2961.6,3143.3,3510.9,3859,4301,4985,5743.2,6412.9,6849.1,7089.3,6950.6,6830,6709.9,6339.7,5770.3,5343.2,5202.5,5247.3,5164.5,4998,4780.2,4841.2,4872.3,4707.8,4434.7,4642.7,4751.3,4654.9,4728.7,4586.4,4212.4,3903.8,3930.4,3578.2,3471.2,3269.5,3004.4,2987.6,2936.5,2794.6,2649.9,2606.7,2430.5,2381.2,2385,2289.9,2150.5,1688.7,1121.7
1066.8,2108.6,3306.2,3746.6,3950.1,4213.7,4856.2,6124.4,7170.6,7503.9,7344,6510.2,5806.8,5229.5,5162.1,5220.1,5500.7,5760.9,5928.5,5917.7,5606.1,5184.6,4406.8,3826.1,3577,3407.6,3104.8,3178.8,3312.1,3223.7,3374.5,3821.7,3646.9,3585.6,3704.2,3708,3676.3,3828.7,3841.9,3617.8,3502.1,3483.3,3482.9,3364.8,3334.6,3266.5,3194.7,3068.4,2974.7,2970.9,2990.3,3035,3197,3563.2,3878.6,4206.2,4702.8,5530.9,6302.8,6790.5,7049.2,6842.9,6779.8,6677,6311,5816.1,5441.1,5294.2,5275.7,5156.2,4979,4895.6,4987.5,4880.7,4640.6,4599.4,4726.9,4685.2,4545.1,4723.4,4563.7,4451.9,4313.2,4006.7,3679.1,3574.3,3321.7,3116.2,3129.2,2934.1,2864,2803.9,2613,2526.7,2515,2414.6,2278.2,2205,1688,1104.6
1089,2061.5,3198.4,3829.8,4063.8,4215.6,4851.3,5921.4,6813.7,7452.4,7219.3,6641,6022.3,5478.7,5437.8,5457.4,5596.5,5902,6209,6046.7,5758.8,5203.6,4475.6,3814.8,3543.6,3301.8,3105.9,3235,3304.2,3215.3,3430.1,3702.3,3521.4,3518,3598.8,3569.2,3528,3694,3623.1,3471.5,3397.5,3369,3249.9,3249.4,3303.5,3150.1,3045.7,2957,2886.9,2932.4,2965.9,2999,3217.7,3550.9,3842.3,4192.6,4848.4,5699.7,6382.9,6837.5,6992.8,6961.8,6898.6,6687,6289.9,5849.4,5465.1,5323.7,5255.3,5047.5,4899.5,4877.7,4952.4,4815.4,4665.7,4684.9,4717.8,4459.2,4668.4,4730.4,4558.9,4432.3,4171.3,3870.3,3660.6,3488.4,3168.9,3142.3,3035.8,2840.9,2803.3,2662.9,2558.6,2490.6,2412.6,2320.8,2311.1,2019.8,1570.2,1083.2
1111.1,1879.1,2864.5,3662.1,3867.5,3929.4,4668,5735.3,6712,7481.2,7175.6,6616,5946.5,5508.6,5476.8,5571.8,5645.6,5809.7,6208.1,6288.8,5986.5,5149.9,4536.3,3960.5,3439.6,3169.6,3269.8,3066.6,3068.4,3349.5,3358.4,3359.3,3564.9,3622.8,3488.8,3621,3642.2,3542.1,3449.5,3486.9,3352.8,3271.2,3281.4,3239.4,3297.9,3239.5,3106.3,2967.9,2891.5,2896.8,2916.3,2947.7,3085.3,3437.9,3848.9,4345.5,5004.9,5762.9,6477.3,6856.3,7032.2,6983.6,6966.1,6773,6390.9,5823.4,5376.3,5299.1,5252.4,5170.1,5062.8,5070.2,5079.1,4909.9,4725.9,4752.3,4871.4,4840.6,4766.2,4952,4891.2,4660.5,4504.1,4461.8,4149.7,3928.2,3860.4,3587.2,3279.7,3108.2,3034.9,2731.3,2487,2322.4,2290.1,2282.4,2210.8,2006.9,1660.3,1089.8
1079.8,1778.3,2899.5,3846.2,3871,3809.1,4788.2,5939.8,6912.8,7519.9,7203.4,6509.3,5722.2,5426.5,5345.1,5362.9,5326.4,5714,6254.4,6019.7,5669.4,4901.1,4276.1,3722.9,3381.6,3335.9,3207.7,3047,3285.3,3359.7,3355.5,3478,3698.1,3564.4,3488.1,3624.3,3712.2,3663.8,3569.3,3473,3310.8,3228.1,3288,3279.3,3145.3,3135.4,3075.6,2949.9,2744.2,2664.3,2740,2835.3,2956.3,3252.1,3798,4393.9,5139.1,5962.5,6627.8,7190.4,7255.4,7163.8,6774,6417.8,5984.1,5525.4,5200.4,4931,4939,5015.4,4911.9,4813.5,4956.9,5013.8,4772.8,4595.2,4968.3,5012.8,4849.9,4822.2,4807.3,4388.2,4368.2,4152.4,3889.5,3830.1,3524.1,3342,3212.3,2978.7,2751.6,2674.9,2582.9,2410.5,2346.8,2350.8,2206.3,1978.2,1683.1,1094.5
1075.5,2082.8,3182,3766.3,3996.3,4159,4863.7,6105.9,7090.1,7654.1,7248.1,6354.2,5691.4,5195,5372.1,5461.6,5478.9,5665.1,6133.7,6177.6,5743.5,5042.6,4437.7,3843.1,3386.3,3250.8,3318.8,3114.9,3112.5,3401.4,3408.8,3436.9,3581.7,3635.7,3528.1,3602.9,3714.7,3731.7,3632.8,3600.2,3425,3253.4,3248.3,3303.3,3249.2,3238.2,3203.4,3043.7,2911.6,2823.8,2879.9,2990,3173.2,3429.5,3817.6,4417.6,5167.2,5881.6,6389.5,6792.5,7030.5,7174.5,7040,6692.6,6132,5641.2,5415.3,5229.7,5075.2,4920.4,5018.3,5080,4984.6,4778.4,4790.3,4779.6,4553,4275.1,4430.3,4226.5,4246.9,4193.5,4017.2,3929.9,3808.5,3667.3,3517.2,3307,3075.1,3006.7,2922,2741.7,2743.1,2489.5,2357,2389.5,2351.7,1998,1594.8,1074.4
1074,1883,2960.5,3679.5,3767.8,3972.6,4653.1,5710,6869.2,7346.5,7360.3,6593,5819,5609,5460.7,5482.4,5575.6,5931.5,6264.5,6225.7,5672.4,5033.1,4427,3810.6,3417.5,3401.1,3172.6,3069.3,3321.1,3318.1,3296.8,3458.5,3615.6,3516.4,3627.1,3794.3,3807.6,3686.4,3664.2,3584.9,3487.6,3461.4,3432.3,3327.2,3251.6,3297.8,3147.3,2938,2843.4,2876.1,2922.8,3002.1,3190.2,3443.9,3883,4391.3,4999.8,5589.7,6086.3,6624.5,7066.2,7181.7,6959.3,6603.9,6303.7,5998.3,5669.3,5363.6,5033.1,5194.9,5189.1,5039.7,4689.7,5076.1,5083.5,4863.5,4784,4954.5,4843,4744.3,4759.8,4514.5,4303.4,4042,3685.3,3305.7,3103.7,2967.3,2820.4,2669.2,2543.1,2538.6,2506.3,2542.6,2690.8,2504.8,2307,2060.1,1664.4,1100.2
1079.3,1967.2,3084.2,3799.6,3795.9,4030.7,4879.5,5926.3,6951.3,7385.3,7343.6,6558.9,5684.5,5496.5,5360,5430.5,5515.6,5965.7,6296.1,6135.5,5651,5016.2,4394.4,3773.6,3369.4,3304.9,3132.5,3056.4,3290.1,3216.3,3227.8,3452.1,3604.8,3468.6,3509.8,3642.2,3702.2,3699.8,3737.2,3603,3445.3,3426,3389.4,3367.5,3303.7,3287.5,3124.9,2982,2915.5,2924.2,2939.2,2938.6,3152.2,3434.4,3877,4394.4,5085.6,5774.3,6414,6904,7116.5,7160.1,7010.3,6667.7,6275.5,5987.1,5714.7,5365.7,4963.1,5097.1,5180.7,5083.3,4843.3,4981.5,5034.7,4884.9,4596.5,4895.4,4871.1,4716.6,4748,4587.5,4303.2,4028.4,3736.8,3289.9,2978.9,2824.1,2917.2,3004,2795.2,2771.7,2707.1,2542.8,2526,2487.4,2361.5,2058,1667.6,1070.8
1116,1958.1,2936.1,3669.8,3927.1,3999.1,4749.5,5875.6,6802.6,7536.8,7218,6594.3,5762.5,5356.7,5517.2,5573.3,5549.1,5740.2,6187.8,6222.9,5873.1,5060.9,4536.5,3895.3,3395.7,3233,3246.8,3052.2,3128.6,3316.7,3294.5,3379.1,3523.7,3468.9,3382.3,3516.9,3599.2,3605.3,3552.8,3466.1,3258.1,3210.2,3259.3,3259.2,3246,3207.9,3093.8,2968.6,2889.5,2906.6,2927.4,3031.9,3212.3,3479.6,3902.2,4557.2,5272.9,5915.1,6412.3,6861.2,7058.3,7112.9,7049.3,6842.5,6262,5735.9,5645.1,5496.4,5263.2,5115.2,5201.2,5292.1,5183.5,4948.4,4890.5,5018.8,4872.8,4576.7,4866.7,4889,4831.8,4733.9,4558.8,4178.1,3947.6,3492.5,2943.5,2811.1,2726.4,2801.8,2847.2,2709.6,2742.1,2615.5,2579.3,2569.9,2448.8,2080.3,1641.1,1118.7
1131.6,1987.9,2987.8,3784.2,3924,3937.8,4881.7,6075,6901.6,7436.6,7102.2,6466.8,5638.1,5383.9,5459.9,5538.2,5581.6,5862.3,6381.7,6292.6,5891.2,4949.5,4276.5,3773.7,3435.7,3242.4,3142.5,2977.4,3104.8,3200.6,3206.9,3330.3,3514.9,3488.1,3437.2,3575.8,3551.1,3496.7,3478,3428.7,3307.2,3326.9,3275.5,3268.2,3278.5,3193.8,3107.5,3040,2930.9,2824.5,2830,2990.7,3176.1,3454.5,3890.3,4476.7,5134.1,5769.7,6292,6816.7,6999.1,7098.8,7006.1,6685,6108.4,5692.6,5561.4,5390.7,5174.4,5039.6,5140.3,5110.1,4902.7,4662.4,4614.9,4573.2,4419,4436,4722.5,4593.4,4495.2,4402.7,4153.3,3791.6,3731,3439.1,3174.2,3073.5,2875.4,2928.2,2900.9,2738.9,2651,2485.4,2298.3,2305.2,2337.6,1974.2,1592.8,1069
1046,2001.2,3127.9,3724.6,3721.6,4090.1,4887.2,5955.3,7084.4,7420.1,7333.8,6438.3,5638.9,5410,5325.1,5420.7,5516.5,5862.7,6181.2,6188,5596.5,5045.6,4409.5,3796.7,3392.5,3325.8,3115.1,3081.9,3288.7,3215.3,3186.2,3467.3,3588.9,3486.1,3632.7,3692.1,3677.8,3663.1,3685.7,3532.3,3411.6,3404.2,3398.9,3324.8,3238.5,3234.1,3107.5,2906.6,2824.1,2889,2928.4,2959.7,3071.7,3360.9,3776.3,4220.6,4893.2,5638.7,6285.9,6816.5,7099.4,7076.2,6851.8,6624.4,6255.5,5797.7,5307,5019,4984.2,5161.5,5044,4837.6,4742.4,4913,4809.1,4590.3,4532.1,4670,4507,4597.5,4612,4355.6,4166,3983.7,3807.4,3640.5,3404.4,3185.1,3125.4,3036.2,2809.1,2831.9,2593.7,2424.2,2418.9,2415.1,2242,2046,1685.2,1072
1106.6,1966.8,2961.3,3732,4002.5,3983.6,4711.4,5864.4,6760,7497.8,7165.4,6563,5813.3,5337.3,5462.1,5580.7,5675.5,5867.4,6223.7,6325.7,6105,5197.3,4478.3,3932.9,3440.1,3185.7,3344.2,3135.6,3146.6,3482.1,3397.2,3365.7,3596,3645.1,3481,3621.8,3625.7,3537.6,3455.5,3448.9,3278.1,3156.6,3189.6,3154.9,3133.8,3113.3,3034.6,2957.1,2907.6,2901.2,2925.2,3003.9,3144.9,3533.6,3958.4,4471.1,5124.9,5853.1,6528.5,6968.2,7291.7,7164.9,6994.1,6785.7,6405.7,5861.1,5455.5,5223.3,5269.8,5273.3,5188.3,5043.4,5138.4,5198.4,5040.6,4826.2,4921,5068.7,4985.9,4809.1,4863.4,4805.4,4470.2,4218.5,4055.9,3738.4,3341.4,3176.1,2940,2696.6,2518.8,2532.8,2422.8,2327.7,2364.3,2400.8,2244.5,2007.1,1673,1107
1061,1862,2958.2,3780.1,3869.9,3995.3,4776.3,5793.9,6820.7,7330.4,7177.2,6526.3,5743,5506.9,5360,5494.5,5565.8,5801.7,6206.7,6186.8,5729.5,5017.2,4424.3,3814.2,3388.7,3352.1,3273.9,3063.9,3244.3,3297.8,3259.1,3356.6,3562.2,3469.6,3500,3636.9,3657.3,3628.6,3601.9,3477.5,3352.6,3435.7,3374.5,3317.1,3243.8,3203,3101.8,3026.6,2931.2,2850.5,2872.6,2925,3129.2,3427.8,3797.3,4211.2,4891.4,5774.1,6437.4,6939.1,7115.9,7191.9,7012,6754.2,6379.2,5931.6,5515.2,5221.8,5258.5,5195.2,5035.1,4989.1,5188.3,5196.2,4951.3,4734.1,4883.3,4844.2,4658.3,4569.7,4733.9,4506.8,4300.4,4131.4,3824.3,3497.1,3283.3,2960.1,2759.3,2747.2,2661.8,2611.4,2532.7,2470.1,2417.4,2403.5,2254.3,1944.4,1543.1,1070.7
1113.5,2141.3,3225.5,3837.2,4123.5,4249.5,4973.4,6157.7,6977.2,7450.7,7092.4,6385.6,5675.8,5193.1,5438.7,5532.5,5517.4,5750.9,6230.7,6275.3,5936.9,5117.1,4413.7,3905,3415.1,3163.2,3349.5,3248.4,3166.8,3466.2,3552.4,3556.6,3724,3879.1,3677.6,3702.5,3787.9,3703.1,3516.8,3512.4,3345.7,3197.8,3213.2,3206.1,3178.1,3158.6,3141.1,2951.4,2761.8,2757.7,2795.1,2873.3,2894.4,3353.6,3808.9,4498.1,5254.2,6001.6,6764.7,7279,7460.4,7173.3,6826.7,6424,5978.3,5516,5130.6,4841.1,4909.9,4993.9,4935.4,4867.9,5094.8,5243,5137,5058.6,5231.3,5347.1,5202.8,5116.8,5082.2,4854.6,4557.7,4551.9,4221.8,3954.2,3768.1,3497.3,3111.5,2924.8,2831.7,2577.1,2383.2,2306.1,2317.7,2296.7,2195.7,2035.1,1655.5,1097.7
1087.9,1784.7,2896.7,3781,3877.2,3877.7,4732.1,5778,6792.1,7399.5,7215.8,6625.2,5786.6,5455.6,5353.7,5491.3,5600.1,5894.7,6317.7,6319.4,5905.5,5046.3,4383.1,3777.8,3354.4,3222.8,3238.3,3060,3200.2,3351.9,3346.2,3399,3569.7,3548.9,3581.9,3737.1,3712.2,3565.9,3544.3,3571.1,3411.3,3390.9,3355.7,3290.2,3198,3203.3,3127,3009.5,2882.7,2801.6,2827,2930.4,3077.9,3389.6,3845,4408.1,5028.1,5722.8,6371.6,6880.5,7115.5,7210.8,7043.5,6836.7,6385,5926.9,5558.2,5188.5,5043.4,5129.9,5055.9,4853.6,4711.3,4854.8,4825.8,4631.1,4626.3,4756,4737.6,4528.9,4652.7,4324.9,4161.7,4089.9,3762.3,3505.1,3323.4,3164.6,3021.7,2946.6,2771,2643.9,2584.1,2422.3,2349.1,2349.6,2236.8,1939.8,1632,1063
1075.6,1934.7,2932.4,3669.2,3956.5,3986.7,4653.3,5766.1,6725.5,7511.9,7210.7,6621.1,5924.4,5436.1,5487.4,5570.8,5635.5,5842.4,6270.6,6357.1,5955.2,5088.1,4440.6,3898.4,3430.2,3238.6,3312.8,3099.4,3097.2,3346.9,3326.2,3443.2,3651,3631.2,3511.8,3684.4,3682,3594.8,3523.6,3523,3417.9,3366.8,3362.2,3316.8,3299.4,3248.5,3178.7,2997.6,2813,2827,2927.2,3110.6,3234,3503.9,3947.1,4595.6,5284.6,5951.6,6468.3,6877.9,7170.5,7300.3,7108.3,6777.3,6306.1,5905.2,5591,5344.6,5206,5029.8,5031.5,5103.6,5002.6,4778.9,4672.1,4771.2,4681.1,4470.2,4720.8,4694.1,4475,4300.5,4283.5,3952.5,3790.8,3518.8,3157.5,3104.6,2891.9,2736.9,2722.7,2633.2,2430.1,2362.4,2330.4,2318,2287.7,1957.1,1559.9,1075.1
1079.2,1923.9,3064.9,3960.6,3907.5,3899.9,4780.5,5834.9,6856.9,7387.6,7093.6,6418.9,5596.3,5353.4,5277.3,5352.4,5342.3,5684.1,6170.6,6088,5662,4870.6,4252.6,3692.9,3311.9,3288.3,3176.1,3002.2,3207.8,3165.6,3175,3351,3497.8,3373.4,3396.4,3554,3560.6,3509.6,3544.8,3399.6,3232.2,3306.3,3258.5,3182.2,3109.5,3108.3,3019.4,2841.7,2724,2728.3,2807.4,2907.6,3100.8,3440.3,3874,4373.3,5002.4,5769.4,6364.7,6819,7028,7109.9,6816.8,6539.5,6274.4,5911.8,5565.3,5269.8,5000.4,5047,5012.1,4846.2,4600.4,4646,4715.6,4635,4451.3,4707.5,4769.3,4592.2,4665.5,4516.1,4249.4,4007.2,3821.2,3625.3,3516.1,3301.2,3045.2,3029.6,2785.6,2644.1,2608.1,2448.1,2331.4,2342.3,2219.8,1891.4,1599.7,1065.2
1058.7,1729.2,2724.5,3444.6,3916.1,4451.1,5116.6,6152.5,7081,7491,7382.3,6579.3,5664.2,4941.7,4446.6,4314.3,4365.9,4823.5,5294.8,5319.1,4862.6,4296.3,3849.2,3290.7,3099.8,2863.7,2659,2598,2572.3,2530.9,2531.7,2485.1,2522.3,2518.5,2431.7,2512.7,2368.2,2506.1,2519.2,2547.5,2649.8,2558.6,2679.9,2702,2658.7,2668,2642.9,2672.7,2691.2,2770.5,2888.3,3006.6,3220.4,3598.8,4013.2,4435.3,4729.6,4957.9,5098.1,5166.2,5319.8,5220.6,5091.5,4849.5,4424,4031.4,3471.3,3366.4,3317.1,3128.6,3243.2,3041.9,3379.1,3398.1,3330,3603.8,3627.5,3575.1,3488.4,3342.8,3219.3,3199,2881.4,3069.7,2990.8,2878.4,2996.6,2961.1,2817.7,2764.4,2711.4,2641.4,2648.8,2638.3,2527.8,2506.9,2507.8,2260.4,1697.1,1080.9
1064.2,1935.6,2881.6,3673.2,4191.4,4597.7,5471.9,6334.1,7234,7759,7558.6,6617.4,5605,4815.2,4376.5,4275.8,4433.4,4974.3,5311.9,5229.2,4677.1,4234.9,3563.4,3287.2,3097.1,2741.7,2617,2556.4,2467.2,2453.6,2411.3,2322.8,2415.1,2287.4,2416.1,2346.7,2307.4,2432.8,2206.3,2434.8,2392.6,2444.6,2545.7,2488.5,2547.1,2537.7,2545.6,2523.3,2552.8,2680.7,2780.6,2975.6,3277.9,3647.2,4059.8,4496.3,4693.2,5041.1,5122.1,5198.4,5323.4,5147.2,5000.9,4830.6,4465.2,3911.7,3565.2,3503.3,3413.2,3366.5,3289.1,3283,3422.1,3536,3491.7,3668.5,3700.7,3580.2,3647.8,3448.1,3429.4,3239.9,3129,3161.5,3056.1,3086.4,3092,3051.1,2901.2,2758.5,2667.3,2642,2606.4,2544.6,2483.5,2440.1,2309.3,2037.8,1645,1077.5
1118.6,1888.9,2737.5,3463.6,3894.7,4425.2,5050.6,6067.5,7049.7,7547.2,7258.4,6469.8,5541.3,4856.1,4494.2,4332.6,4511.7,4879.8,5250.6,5162.7,4969,4234.5,3802.5,3536.5,2993.2,2782.8,2674.4,2500,2443.4,2450.9,2393.5,2467.6,2448.1,2495.5,2366.4,2168.7,2382.4,2268.6,2404.5,2350.5,2357,2477.3,2417.7,2568.4,2675.4,2657.2,2607.2,2563.4,2598.2,2703.2,2800.5,2953.6,3142.5,3436.3,3954.1,4190.1,4565,4803,4923.4,5057.7,5073.2,5015.8,4959.9,4736.3,4324.1,3898.2,3626.5,3418.2,3308,3241.2,3265.6,3252.6,3378.1,3325.8,3465.4,3537.9,3458.2,3566.5,3350.8,3393.4,3268.1,3167.1,3199,3019.7,3049.7,3010.2,2945.9,2926.3,2879.8,2741.3,2700.6,2630.3,2540.8,2513.2,2526.2,2455.5,2358.3,2160.5,1770.8,1125.9
1062.5,1691.9,2591.4,3333.7,3728.7,4348.2,5008,6025.6,6944.8,7477.2,7275.3,6484.3,5476,4864.6,4414.7,4185.4,4351,4733.3,5263.4,5323.7,5182.3,4270.1,3782.1,3338.8,2994.5,2875.6,2633.2,2491.5,2485.4,2425.8,2425.4,2469.7,2390.3,2461.1,2295.7,2308.7,2347.3,2195.4,2385.6,2218.8,2361.5,2411.4,2412.8,2505.6,2502.9,2529.4,2539,2523,2572.4,2688.7,2772.8,3054,3162.4,3595.1,4056,4269.3,4752.6,4833.2,4992.9,5090.2,5138.1,5098.4,4959.4,4688.2,4377.1,3994.6,3681.8,3533.7,3348.7,3321.2,3237.9,3237,3418.6,3435.8,3576.8,3481.1,3495.9,3506.8,3379,3366.8,3166.3,3157.6,3093.8,2992.3,3054.9,3062.3,2968.9,2957.1,2855.9,2694,2664.5,2586.6,2557,2539.8,2485.2,2391.9,2324.1,2164.2,1671.2,1060.1
1116.3,1829.5,2686.8,3462.7,3896.4,4470.3,5209.1,6224.9,7120.5,7550.7,7269.6,6446.8,5479.5,4851.5,4401.5,4228.7,4533.7,4918.3,5296.3,5204.2,4967.3,4173.6,3798.4,3481.8,2979.5,2816.9,2660.1,2552.5,2554.2,2516.9,2464.1,2499.2,2356.9,2409.5,2368,2299.4,2398.2,2215.9,2348.2,2238.3,2298.7,2387.5,2281.1,2514.5,2610.7,2567.7,2501.1,2511.3,2613.2,2711.5,2745.7,2955.5,3146.9,3471.1,4084.2,4243.2,4576,4783.9,4887.1,5010.5,5109.1,5041.8,5021.4,4777.5,4366.9,3936.6,3570.5,3511.7,3349.2,3239.1,3274.8,3148,3402.4,3464.9,3517,3519.9,3455.8,3462.4,3385.2,3359.6,3331.5,3231,3158.2,3180.2,3033.6,3102.1,3134.4,3036.8,2970.6,2907.4,2775.6,2710,2624.5,2524.3,2519.7,2412.3,2302.2,2106.7,1709.3,1095
1088.4,1852.8,2830.6,3491.9,3934.8,4295,5225.4,6109.3,7035.8,7538.8,7284,6478,5523.9,4771.9,4389.5,4109.1,4277,4806.9,5085.1,5224.8,4801.6,4336.9,3645.7,3452.7,3061.4,2695.9,2584.1,2462.9,2375.7,2426.9,2381.6,2380.2,2424,2286.7,2425.3,2317.1,2414.5,2446.5,2290.7,2481.5,2391.2,2468.4,2494.4,2463.5,2517.6,2551.7,2501.5,2446.1,2504.1,2629.2,2753.3,2893.6,3149.4,3384.6,3906.3,4432.6,4577.8,5014,5081.1,5168.3,5188.1,5126.1,4994,4875.2,4446.5,4045.2,3744.3,3548,3491,3340.9,3335.2,3358.7,3345.9,3482.2,3427.2,3606.9,3610.4,3610.8,3631.6,3427.9,3361.2,3185.2,3141.4,3153.1,3138.6,3145.2,3172.9,3111.2,2982,2892.5,2795.7,2645.2,2512,2408.8,2432.5,2448.5,2318.3,2033.7,1596.8,1070.1
1037.5,1892.7,2852.6,3570,4039.8,4494,5286.6,6113.1,7050.5,7519.2,7328.4,6474.2,5539.7,4743.2,4319.9,4226.5,4334.9,4839.2,5221.7,5256.2,4819.8,4372.3,3621.5,3288.9,3096.1,2696.6,2541.7,2505.3,2470.7,2437.7,2392.6,2341.2,2444.4,2350.7,2401.9,2338.8,2290,2385.2,2161.2,2425.6,2440.1,2435.1,2475.4,2449.2,2524.3,2543.8,2529.4,2528.7,2574.6,2679.2,2818,2866.4,3175.2,3568.9,4004.6,4545.8,4667,5040.8,5144,5210.6,5272.4,5194.2,5027.3,4767.4,4325.4,3916.1,3661.9,3483.5,3398.8,3259.3,3246.8,3339.5,3351.1,3549.3,3483.3,3654.8,3686.5,3550.9,3597.9,3349.8,3422.5,3271.2,3140.4,3160.3,3089.1,3006.5,3016.1,3051.4,2962.3,2872.4,2849.3,2700.2,2566.1,2521.7,2500.2,2421.7,2226.1,1966.4,1580.4,1093.1
1097.4,1844.1,2735.8,3442.2,3856.3,4401.4,5137.9,6111.2,7135.7,7749.7,7390.6,6534,5513,4760.8,4516.5,4333,4482.6,4925.6,5318.4,5208.3,4909.8,4202.9,3687.4,3491.6,3011.9,2752.9,2614.3,2499.5,2495.6,2495.8,2426.6,2403.5,2286.5,2386.2,2448,2263.7,2389.9,2209.4,2338.8,2336.6,2242.5,2394.7,2302.2,2437.3,2492.8,2512.5,2520.1,2477.9,2540.4,2574.3,2688,2812,2991.9,3321.9,3796.4,4153.7,4546.1,4788.7,4871.7,5034.4,5024.1,4993.3,4869.2,4692.3,4323.7,3856.1,3656.3,3353.2,3221.9,3216.3,3066.4,3273.3,3318,3392.5,3422.6,3446.7,3549.4,3651.1,3455.6,3439.9,3321.1,3031.2,3140.9,2994,2995.7,3065.9,3061.1,2904.8,2848.6,2785.8,2701.4,2674.1,2656.2,2540.6,2504,2522.1,2383,2110.1,1647.6,1065.2
1056.6,1798.5,2736.1,3467.3,3981,4547.4,5265.3,6215.6,7220.7,7760.9,7465.2,6631,5721.6,5006.4,4617.9,4371.3,4506.6,4834.2,5103.8,5105.4,4958.9,4306.4,3722,3461.1,3019.7,2829.4,2666,2482.8,2460.8,2474.9,2432.5,2473.8,2372.2,2407.6,2405.7,2188.3,2375.5,2246,2359.7,2322.6,2245.2,2430.2,2364.7,2539.7,2573.6,2542.4,2547.7,2456.9,2528.5,2586.6,2707.8,2875.4,3085.7,3458.6,3961.6,4304.7,4723.7,4972.8,4974.3,5104.2,5080.2,5127.5,5005.8,4737.3,4383.3,4005,3702.9,3443.4,3282.7,3209.9,3281.8,3162.3,3343.4,3369.6,3331.2,3439.7,3307,3522.6,3583.2,3419.5,3309.4,3264.4,3128,3170.3,3070.5,2993.4,3030.8,3008.5,2883.3,2735.9,2645.1,2597.5,2539.8,2397.1,2477.6,2554.4,2419,2135.1,1694.7,1093.3
1090.6,1848.7,2735.8,3442.1,3848.4,4480.8,5214.1,6198.1,7052.8,7461.1,7287.7,6543.4,5502.7,4769.2,4469.9,4309.1,4418.6,4790,5216.6,5124.9,4954,4157.6,3694,3437.3,2999.5,2820.7,2645.7,2513.2,2507.7,2451.6,2400.3,2464.9,2347.6,2431.2,2375.1,2270.7,2368.5,2109.9,2343.1,2342.6,2377.2,2416.4,2307.4,2503.3,2475.4,2488.4,2475.1,2445.2,2499.7,2539.8,2680.1,2855.7,3015.2,3314.1,3826.8,4138.1,4528.7,4769.2,4958.9,5043.5,4950.8,4930.9,4913.9,4629.5,4159,3653.8,3457.7,3363.5,3183.4,3056.7,3189.1,3206.7,3387,3266.5,3405.2,3445.3,3395,3470.4,3280.6,3347.9,3325,3200.1,3154.8,3168.6,3100.7,3138.7,3167,3109.5,3007.6,2910.7,2801.6,2728.5,2657,2545,2444.1,2361.6,2215.2,1978.6,1589.5,1094.4
1073.4,1863.9,2794.3,3535.6,3997.5,4330.5,5221.3,6093.7,6973.5,7488.8,7330.6,6434.7,5429.2,4636,4277.2,4119.4,4267.8,4808,5126.8,5168.6,4695.1,4219.2,3549.5,3225.2,2952.7,2645.4,2538.9,2448.5,2367.8,2369,2325.9,2302.5,2378.1,2222.4,2395.9,2279.1,2277.4,2384.4,2264.9,2497.8,2470.1,2517,2573.9,2484.2,2582.7,2674.9,2672,2588.9,2618.3,2707,2742.8,2901.2,3166.4,3551.4,3949.2,4339.7,4613.3,5062.6,5143.6,5126.8,5137.1,5042.8,5010.1,4797.9,4416.5,3961.7,3663.9,3572.1,3424.5,3363.4,3303,3285,3362.1,3421.1,3533.4,3647.8,3676,3633.6,3589,3342.3,3314,3144.3,3016.2,3100.7,2999.6,2976.9,2954,2904.5,2823.5,2799.3,2732.1,2688.2,2622.5,2523.8,2425.2,2389.5,2295.7,1999.6,1581.4,1083.7
1103.2,1839.9,2766.2,3464.7,3859.4,4496.6,5118.6,6219.4,7198.5,7607,7279.2,6382.9,5412.3,4765.6,4446,4345.7,4566.6,4953.4,5357.9,5191.4,4935.3,4065.5,3570.2,3243.6,2890.7,2781.1,2634.1,2605.2,2538.2,2478.5,2499.2,2479.9,2408.6,2451.7,2328.2,2320.8,2340,2099.5,2255.9,2111.6,2264.5,2320.4,2282.5,2496.9,2462.4,2482.9,2419,2376.6,2432.7,2503.9,2762.5,2893.7,3155.8,3518.2,3869.9,4344.6,4789,4921.8,5027.2,5156.6,5142.6,5141.2,5093.4,4847.4,4388.5,3945.3,3660.3,3512.5,3331.9,3218.4,3239.8,3117.7,3375.9,3369.7,3448.9,3472.6,3394.5,3453.3,3476.7,3441.8,3417.6,3323.2,3149.5,3122.7,2935.3,3017.2,3070.5,3006.5,2909.4,2846.9,2773.1,2724.4,2576.9,2425.5,2424.6,2424.4,2340.6,2121.1,1657.6,1100.5
1115.3,1922.7,2829.8,3416.7,3785.7,4398.4,5275.4,6124.8,7069.3,7730.6,7255.5,6396.7,5432,4690.5,4429.2,4283.8,4478.6,4882.2,5139.5,5051.4,4787,4203.2,3593.3,3369.7,2901.5,2734.9,2648.6,2540.3,2505.5,2434,2397.6,2459.3,2398.8,2398.6,2420,2209.9,2373.8,2208.7,2242.5,2251.4,2159.9,2375.3,2305,2434,2442.1,2402,2462.5,2433.6,2513.6,2560,2661.3,2910.4,3231.1,3523.3,4125.7,4312,4606.8,4912.4,4974.3,5079.3,5061.9,5018.7,4905.2,4661.7,4241.1,3899.7,3549.4,3415.7,3368.7,3181.1,3273.9,3259.9,3400.6,3479.2,3487.2,3556.4,3580.8,3503.3,3508.7,3424.4,3357.9,3354.2,3166.6,3154.4,3140.2,3108.4,3094.5,3039.2,2890.7,2820.2,2723.5,2640,2574.4,2488.2,2455.6,2345.3,2195.5,1986.7,1627.9,1068
1114.6,1917.3,2853,3492.6,3885,4340.2,5128.3,6020.9,7049.9,7680.5,7306,6472.4,5482.3,4674.2,4460.8,4287.4,4420.1,4805.5,5157.4,5186.2,4895.2,4322.9,3639.6,3371.4,3012,2762.8,2660.7,2513.2,2408.5,2459.9,2441.4,2488.8,2445.2,2358.6,2450.3,2278.5,2349.8,2265.7,2270.1,2423.2,2348.8,2509.7,2561.2,2557.6,2592.4,2605,2542.4,2566.6,2561.6,2575.6,2646.7,2880.4,3244.1,3436.5,3996.5,4310.2,4497.6,4837.1,4995.7,5155.9,5115.5,5016.1,4889.3,4715.9,4344.3,3907.6,3643.7,3499.4,3406.5,3322.6,3315.4,3361.4,3376.6,3443.4,3566.2,3627.1,3553.1,3539.6,3375.6,3250.2,3249.5,3031,3076.2,2959.6,2948.5,2947.7,2822.7,2850,2749.7,2611.3,2569.7,2592.5,2526.8,2493,2476.1,2426,2336.9,2059.3,1664.8,1109.5
1069.2,1845.2,2687.2,3393.3,3858.7,4369.8,5052.6,5979.7,6901,7347.1,7184.6,6461.2,5442.5,4691.8,4456.8,4291.4,4465.4,4864.4,5173.5,5107.7,4872.3,4168.9,3537.6,3272.6,2929.2,2815.2,2700.4,2504.6,2456.7,2483.1,2433,2453,2345.5,2367.3,2406.6,2267.2,2405.4,2223.4,2305.8,2298.1,2210.2,2385,2306.4,2457.7,2495.8,2455,2424.8,2399.4,2494.1,2548.6,2625,2816.5,3027.4,3267.5,3833.8,4104.3,4463.5,4783.2,4894.5,4975.6,4915.7,4844.2,4765.8,4534.4,4152.6,3789.2,3469.9,3373.6,3262.6,3138,3286.7,3247.5,3451.4,3550.3,3570.6,3537.1,3356.5,3478.1,3506.8,3477.5,3400.5,3253.1,3110.2,3135.8,3128.4,3157.9,3201.5,3169.9,3034.7,2952.4,2846.4,2747.7,2638.7,2484.3,2431.4,2316.3,2230.2,2066.1,1672.1,1094.5
1067.2,1916.4,2910.5,3501.8,3965,4331.4,5170.5,6084.3,7002.5,7542.5,7242.2,6293.1,5291.6,4543.3,4249.3,4105.4,4362,4975.2,5153.9,5191.1,4778.8,4344.3,3584.8,3315.4,2967.1,2680.9,2587.5,2463.6,2440.9,2467.1,2408.7,2374.8,2343.4,2186.4,2311.2,2215.6,2281.5,2249.5,2053.6,2317.3,2204.6,2336,2344.1,2318.3,2438.5,2464.3,2414.8,2381.8,2417.3,2505.1,2582,2681.1,3024.8,3306.1,3814.1,4403.7,4582.7,4900.7,5006.7,5057.7,4996,4898.6,4822.5,4692.7,4281,3922.2,3597.3,3413.5,3427.3,3243.7,3303,3349.5,3335.5,3459.9,3422.5,3561.3,3605.3,3461.6,3363.7,3381.8,3262.9,3220.8,3089.4,3052.3,3150.9,3129,3170.4,3179.8,3056.2,2919.8,2841.7,2713.9,2642.4,2510.6,2414.2,2374.3,2242.1,2017.7,1614.6,1076.2
1089.4,1799.4,2654.4,3332.4,3714,4375.1,5049.8,6064,6989.3,7458.5,7136.7,6291.4,5338.7,4723,4347.7,4199.7,4364.7,4755.7,5169.8,5111.4,4991.3,4160.9,3618.6,3323.2,2932.7,2710.8,2588.2,2402,2391.1,2424.3,2386.1,2483.9,2419,2422.3,2353.4,2185.5,2305.2,2174.5,2305.3,2336.3,2332.8,2404.7,2404.1,2473.5,2534,2521.4,2509.3,2522.8,2553.4,2634.3,2679.8,2935.2,3146.1,3421.1,4069.7,4217.1,4624.9,4872.6,5017.4,5099.5,4984.8,4939.7,4896.6,4667,4295.4,3900.5,3653.4,3544.5,3374.3,3242.1,3265.2,3307.4,3365.8,3377.1,3436.9,3483.7,3465.8,3490.4,3328.3,3353.8,3231,3080,3092.4,2917.5,3001.6,2958,2921.1,2942.8,2887.1,2739.5,2692.8,2660,2573.6,2505.8,2472.9,2349.7,2254.7,2086.3,1697,1082.5
1103.9,1948,2922.3,3583.7,3944.5,4267.7,5218.9,5925.5,6906.5,7470.6,7243.3,6378.3,5399.4,4633.1,4227.6,4057.4,4284,4792.2,5176.5,5252.8,4712.2,4267.2,3554,3253.1,3032.9,2696.1,2543.5,2465.7,2373.2,2389.8,2373.9,2310.8,2390.3,2274.6,2358.9,2295.6,2280.3,2358.3,2066.4,2353.1,2388.4,2440.2,2505.1,2445.3,2497.9,2527.5,2521.8,2480.6,2511.3,2600.6,2653.1,2798.6,3050,3387.9,3802.3,4287,4515.6,4924.6,5031.4,5037.6,5101,5003.5,4919.2,4652.3,4240.8,3713.4,3376.9,3429.2,3144.7,3173.2,3136.5,3109.4,3364.8,3303.6,3467.4,3488.1,3509.9,3581,3509.2,3345.4,3290.3,3194.2,3141,3145,2817.9,2927.2,2880.2,2796.5,2767.8,2733.1,2630.6,2564.2,2517.8,2458.8,2373,2384.5,2340.3,2037.8,1600.1,1091.4
1102.5,1805.7,2678.9,3350.9,3712.2,4360,5032.9,6019.8,6922.2,7386.1,7056.4,6195.7,5303.2,4697.6,4210.9,4068.5,4244.5,4695.1,5236.2,5198.3,4954.6,4182.9,3715.5,3290.4,2945.7,2788.5,2561.4,2444.4,2437.1,2396.5,2403.9,2398.5,2262.1,2385,2288.2,2285.6,2289.3,2096.3,2309.6,2118.9,2299.8,2359.7,2336.5,2467.9,2369.2,2432.2,2368.2,2406.9,2502.5,2521.1,2627.6,2828.7,2943.4,3257.3,3707.1,4044.4,4519.8,4709.3,4877.4,4942.3,4932,4853.3,4718.6,4472.2,4204.6,3808.3,3522.5,3426.9,3205.8,3205.9,3214.9,3156.7,3331.1,3207.4,3420.2,3397.5,3383.8,3495.7,3459.1,3427.5,3357.9,3132,3058.7,3125.4,2984.4,2967.5,2977.1,2895,2779.2,2719.2,2666.7,2644.1,2572.4,2537.1,2518.2,2430.6,2223.5,2049.1,1636.7,1053.1
1060.6,1757.1,2575.2,3321.5,3677.1,4091.4,4785.2,5792.7,6734.4,7285.6,7017.4,6155.3,5226.1,4695.6,4299.1,4127.9,4320.6,4730.7,5165.3,5157.5,5115.1,4237.7,3689,3375.8,2979.5,2794.2,2623.3,2433.6,2442.8,2441,2349.8,2378.2,2308.4,2324.8,2283.5,2208.4,2295.1,2095.1,2293.4,2271.5,2255.3,2328.7,2285.3,2426.2,2454.7,2473.8,2474.5,2461.5,2463.1,2469.6,2604.1,2870.1,3033.9,3339.8,3938.7,4093.9,4537.9,4757.7,4870.3,4955.7,4929.2,4910.8,4805.2,4525.3,4176.4,3827.9,3641.1,3503.8,3361.5,3237.2,3245.2,3293.7,3357.4,3371.4,3502.6,3504.4,3512.6,3573.6,3325.7,3410.8,3284,3211.4,3223.5,3063.9,3016.6,2936.4,2899.5,2869.1,2814.2,2719,2696.8,2645.9,2605.5,2589.9,2532.9,2465.7,2310.7,2101.8,1699.9,1059
1053.1,1664.5,2599,3383.5,3672.5,4078.9,4739.3,5709.4,6667,7253.7,7061.2,6203.9,5255.5,4678,4276.7,4192.6,4358.1,4729.6,5174.8,5322.8,5039.5,4210.8,3808.5,3256.5,2984.1,2849.4,2638.8,2554.1,2478.9,2378.9,2391.6,2393.5,2357.8,2403.5,2245.2,2372.3,2242.2,2244.6,2346,2212.6,2432.9,2353.3,2441.6,2549,2479.9,2496.7,2399.9,2492.5,2485.2,2525.3,2686.8,2745.5,2981.2,3296.3,3824.2,4337.5,4587,4804.5,4968.3,5087.5,5102.8,5040.2,4856.7,4612.2,4169.6,3838.8,3497.2,3220.2,3292.9,3126.9,3290.8,3375.9,3429.2,3571.8,3591.6,3575.1,3686.7,3599.7,3455,3535.2,3413.2,3383,3244.3,3131.8,3171.3,3234.4,3182.7,3125.1,3058.9,2956.2,2842.4,2772.5,2618.8,2508.5,2478.2,2433.9,2284.2,2000.3,1565.4,1065.9
1058.2,1801.7,2707.9,3245.1,3698.9,4229,4845.3,5895.2,6833.3,7253.2,7056.3,6079.4,5162.9,4500.5,4180.5,4147.3,4279,4790,5158.6,5104.6,4698.6,4214.5,3521.9,3083.1,2901.8,2630.4,2532.7,2450.6,2397.3,2392.5,2345.8,2244.4,2373.3,2287.2,2332.4,2290.6,2160.6,2312.9,2057.9,2277.2,2299.1,2256.7,2430.4,2445.9,2492.8,2411.3,2350.7,2334.9,2318.8,2441.1,2536.3,2660.4,2945.3,3319.5,3685.3,4188.8,4499,4739,4877.7,4990.2,5038.3,5041.8,4867.7,4671.4,4335.9,3958.1,3719.5,3427.9,3294.7,3203.3,3110.3,3346.9,3364.3,3502.3,3541.7,3541.2,3620.9,3646.7,3539.2,3442.7,3322.9,3254.8,3222.2,3079.3,3064,2989.6,2944.6,2973.5,2950.7,2835.4,2770.1,2716.7,2662.7,2563.1,2413.6,2358,2206,1949.8,1570.8,1074.5
1113.1,1953.2,2920.6,3568.8,4010,4552,5328.6,6195.6,7209.3,7844.1,7316.4,6405.2,5411.5,4588.9,4400,4246.1,4400.8,4813.1,5168.6,5165,4893.6,4232.7,3570.1,3383.5,2928.1,2742.4,2588,2397.8,2318.7,2361.3,2321.4,2413.3,2342.2,2289.2,2346.1,2181.2,2347,2228.5,2260.9,2326.8,2213.3,2394.7,2375.6,2392.2,2430.2,2445.4,2409.7,2331.7,2424.6,2547.9,2606.4,2761.7,3056.4,3348.1,3946.5,4240,4454.4,4783.6,4933.9,4951.7,4932.1,4893.6,4852.6,4756.4,4341.3,3962.1,3534.2,3402.2,3405.6,3284.5,3320.3,3247.1,3385.7,3476.2,3491,3599.1,3665.5,3527.9,3460.9,3419.2,3358.2,3329.6,3190.7,3153.2,3173.1,3171.9,3188.1,3134.8,3016.7,2928.2,2834.5,2770.3,2722.3,2565.3,2496.2,2444.3,2330.9,2065.1,1676,1112.3
1070.6,1817,2672.5,3388.4,3825.2,4401.8,5107.6,6125.5,7098.5,7516.9,7291.9,6524.1,5563.5,4829.1,4474.3,4284.3,4460.9,4850.3,5227.2,5214.4,5048,4222.5,3625.5,3349.8,2953.9,2795.4,2593.4,2410.7,2406.5,2421.3,2392.9,2464,2348.2,2353.7,2316.2,2160.3,2317.5,2167.3,2245.7,2243.1,2217,2300.2,2175.8,2343,2437.1,2417.6,2354.8,2304.5,2391,2445,2489.7,2689.6,2904.4,3190.2,3760,4062.4,4447,4749.8,4855.8,4900.8,4889,4862.1,4835.5,4621.4,4248.2,3866.7,3488.1,3444.3,3346,3225.9,3300.7,3182,3407.6,3522.2,3538.7,3528.9,3486.4,3401.6,3291.4,3273.8,3257.3,3154.1,3038.1,3114,3081.4,3112,3134,3068.8,2946.4,2859.7,2746.7,2634.3,2567,2510.9,2498.5,2466.4,2262.2,1972.9,1595.6,1058.8
1066.9,1772.4,2601.4,3367.3,3716.8,4151.7,4813.7,5687.6,6657.8,7368.4,7046.5,6192.1,5367.8,4708.9,4274.9,4090.3,4288,4638.2,5088,5203.2,4971.2,4185.1,3701.9,3289.7,2902.9,2789.7,2638.1,2455.9,2469.2,2426,2338.2,2399.5,2306.4,2368.6,2284.3,2232.8,2271.6,2089.6,2345,2233,2351.1,2444.3,2358.6,2514.1,2520.4,2478.1,2379.4,2374.5,2497,2555.5,2684.7,2790.4,2978.1,3368.4,3841,4135.7,4513.6,4742.6,4885.6,4976.5,5027.3,5041.9,4847,4707,4346.5,3909.1,3633,3184.6,3218.1,3165.7,3103.9,3233.8,3057,3354.8,3406.6,3451.9,3566.9,3524,3444.1,3379.8,3227.7,3152.6,3105.7,2908.1,3086.1,3052,2956.4,2928,2893.9,2802,2777,2787.2,2692.8,2571,2538.8,2406.5,2241.6,2059.1,1660.6,1114.9
1141.9,2038.4,2998.4,3530.2,3931.8,4379.8,5252.5,6178.6,7116.7,7640.4,7135.6,6112,5176.9,4586.3,4310.5,4070.9,4354.5,4888.4,5155.3,5161.2,4679,4142.7,3433.4,3256.3,2852.2,2549.3,2416.5,2350.6,2324.3,2381,2343.6,2396.5,2387.7,2276.6,2363.6,2248.6,2380.8,2331.9,2270.1,2348.5,2085.7,2390.9,2490.3,2517.7,2523.4,2437.3,2442.9,2384.6,2502.8,2582.9,2610.5,2791.3,3094.5,3388.3,4038.8,4461.4,4570,4905.6,5018.6,5132,5060.9,4939.8,4798.7,4602.8,4274.8,3922,3605.2,3470.3,3439.6,3334.5,3376.6,3410.8,3453.6,3527.6,3537.8,3628,3611.1,3532,3466.2,3436.3,3432.1,3313.8,3250.1,3212,3169.1,3135.8,3097.5,2930.7,2754.6,2666.7,2642.9,2612.9,2583.7,2577.1,2617.9,2536.5,2369.7,2068,1639.8,1108.4
1034.6,1703.5,2710.9,3313,3591.9,4130,4809,5800.1,6812.7,7236.5,7039.5,6132,5213.8,4540.7,4060.8,4122.9,4307.1,4752.7,5219.9,5216.6,4711.2,4163.8,3652.7,3088.4,2944.6,2722.2,2586.9,2559.3,2438.3,2287.3,2369.6,2345.6,2420.1,2363.1,2283.2,2320.3,2079.8,2382,2310.5,2354.5,2456.8,2335.7,2453.1,2409,2465,2424.3,2350.8,2439.2,2372.6,2525.6,2623.3,2707.1,2896.8,3210.2,3811.1,4267.1,4505.2,4779.5,4972.8,5020,5097.6,4959.8,4851.3,4644.9,4223.9,3874.2,3366.7,3353.1,3390.6,3289.1,3307.2,3259.7,3365.5,3465.2,3478.7,3505.5,3617.2,3468,3490.7,3467.7,3366.5,3333.5,3135.4,3148.1,3130.2,3109.3,3074.9,3031.6,2907.6,2828.6,2790.9,2713,2571.8,2535.8,2509.3,2437.8,2320.8,2045.2,1650.9,1092.7
1120.8,1952.1,2914.1,3582.4,4069.2,4636.3,5414.2,6285.1,7241.4,7889.7,7376.4,6415.8,5398.3,4656.7,4431.7,4247.2,4409.8,4888,5221.2,5206.7,4894.4,4193.7,3553.8,3378.6,2898.4,2653.8,2538,2445.3,2412.4,2388.1,2330.2,2400,2325.1,2332.6,2394.7,2203.8,2346,2119.8,2211.1,2270.9,2177.5,2391.5,2337.4,2488.1,2537.4,2483.4,2455.7,2343.2,2434.8,2483,2602.7,2822,3067.6,3327.7,3827.1,4115.2,4531.6,4959.8,4949.3,5026.8,5072,4978.2,4832.7,4657.6,4255.8,3898.2,3513.9,3360.1,3325.2,3136.7,3267.6,3142.9,3346.9,3470.3,3421.2,3546,3495.7,3496.2,3568.6,3544,3414.1,3369.3,3189.1,3215.2,3194.2,3119.4,3149.5,3163,3031.5,2902.3,2816.9,2744.6,2623.7,2497.1,2393.6,2335,2195.1,1914.5,1525.2,1059.9
1069.8,1635.6,2614.4,3368.8,3694.9,4151.4,4785,5763.8,6823.5,7296.8,7044.1,6201,5236.1,4540.7,4070.6,4021.5,4141,4605,5327.4,5139.4,4728.6,4065.7,3689.8,3144.6,2990,2788.4,2586.7,2521.8,2430.3,2357.3,2401.8,2370.4,2360.7,2368.7,2200.1,2341.1,2244.6,2316.2,2339.6,2161.5,2382.5,2263.7,2360.3,2405.4,2360.4,2393.7,2281.5,2393.7,2413.8,2462.1,2607.2,2766.9,2921.7,3289.2,3681.2,4067.8,4483.5,4730.8,4965,4975.1,5024.5,5003.8,4852.2,4579.7,4306.7,3867.6,3565.1,3452,3301,3366.1,3218.8,3186.9,3280.8,3301.1,3526.2,3472.9,3636.3,3675,3529.4,3432.6,3338.1,3199.5,3181.6,3150,3125.5,3182.7,3112.5,3061.3,3071,3023.8,2902.5,2825.5,2700.7,2600.4,2457.2,2330.4,2311.2,2155.6,1680.4,1094.5
1117.1,1885.9,2760.8,3398.6,3782.7,4240.7,5157.8,6102.2,7021.3,7546.6,7224.4,6351.1,5335.3,4682.1,4419.1,4231.4,4370.9,4755.6,5094.9,5190.9,4881.1,4325.2,3532.8,3165.9,2813.7,2608.7,2551,2460.6,2389.7,2405,2350.3,2402.8,2357.3,2254.1,2356.8,2199.9,2322.6,2205.3,2192.5,2351,2200.2,2380.7,2321.7,2375.3,2448.5,2391.8,2382.1,2272.4,2379.1,2421.4,2485.9,2708.8,2974.2,3218.8,3673.4,4082,4411.9,4765.9,4819.8,4957,5041.4,4975.9,4809.5,4604.7,4202.1,3779,3478.9,3346.7,3303.3,3219.8,3294.5,3238.1,3362.7,3502.3,3471.8,3581.4,3476.8,3489.4,3448.3,3375.7,3444.7,3393.2,3277.1,3240.2,3222.9,3153.8,3135.5,3063.2,2923.8,2826.9,2741.9,2651.2,2619.8,2587.3,2532.7,2457.7,2338.7,2016.9,1596.4,1074.5
1075.6,1890.3,2896.6,3430.7,3799.2,4318.7,5029.1,6002.3,6982.9,7296.9,7040,5995,5054.9,4504.6,4180.1,4110.9,4238.3,4766.3,5191.8,5044.1,4554.4,4064.4,3493,3120.9,3027.1,2668.8,2511.2,2487.8,2393.2,2320.7,2383.8,2364.7,2449.1,2387.6,2349.2,2360.8,2167.1,2326.4,2211.8,2246,2308.8,2244.6,2366.1,2382.3,2400,2359.1,2325,2398.9,2470.2,2483.2,2598.3,2705.7,2908.1,3266.6,3635.7,4181.2,4593,4810.5,4943.2,4963,4976.5,4907.8,4774.2,4627,4365.9,3943.3,3622.5,3476.5,3464.7,3456.9,3348.9,3383.9,3426.8,3567.7,3618.1,3600.2,3688.7,3608.3,3526.3,3324.9,3188.6,3199.4,3050.4,3152.4,3125.1,3063.7,3060,3003,2857.9,2765.3,2671.1,2591.5,2533.1,2361.5,2389,2362.3,2259.3,2070.1,1605.4,1044.8
1093.4,1900.2,2731.5,3342.3,3653.8,4268.5,5160,6188.3,7118.7,7644.7,7198.1,6256.4,5246.8,4595.7,4362.7,4244,4476.6,4923.9,5239,5119.6,4937.4,4157.2,3549.7,3303.6,2955.9,2723.8,2583.8,2448.7,2429.8,2434.8,2378.7,2461.8,2405.6,2363.5,2285.4,2121.4,2273.8,2169.9,2237.1,2191,2148.6,2331.6,2360.1,2372.4,2372.3,2357.7,2310.9,2246.4,2304.4,2348.5,2500.1,2741.3,2912.2,3208.2,3773.6,4049.2,4394.9,4780.3,4957.1,5013.5,4966.1,4868.3,4839,4638.3,4244.7,3818.5,3498.4,3422.4,3329.7,3239.2,3311.2,3279.3,3365.3,3351.6,3501.3,3549.7,3456.8,3542.3,3444.5,3442.2,3366.3,3261.8,3238,3196.6,3136.3,3123.5,3099.7,3022.9,2962.1,2890.4,2796.6,2734.7,2667.1,2599,2542.6,2424.6,2256.4,2041.7,1683.6,1085.9
1058.9,1687.8,2693.6,3347.4,3663.9,4121.6,4741.7,5721.4,6723.3,7200.7,7042.3,6167.1,5242.4,4580.4,4067.2,4094.2,4223.3,4628.4,5200.6,5083.4,4778.6,4148.3,3669.6,3130.3,2996.6,2746.8,2579.7,2540.9,2450.1,2360,2386.3,2323.4,2357.6,2396.7,2260.5,2330.6,2220.4,2310.6,2305.3,2215.6,2395.4,2251.2,2382.4,2452.6,2465.1,2481.6,2398.4,2409.3,2407.9,2477.7,2609.6,2727.5,2870.9,3266.6,3638.3,4057.3,4481.5,4680,4880.5,4912.4,4948.4,5000.7,4954.7,4616.3,4279.5,3907.1,3623.7,3446.2,3298.5,3348.4,3277,3263.3,3327.6,3382.6,3546.3,3582.6,3704.1,3787.9,3711.5,3512.3,3357.6,3310.1,3254.3,3196.1,3166.9,3166.1,3122,3128.9,3017.3,2883.7,2830.2,2733.4,2680,2654.5,2510.9,2334.8,2234.9,2061.9,1667.2,1128.6
1111.7,2025.8,3049,3605.1,4010.8,4391,5346.4,6251.4,7093.6,7517.1,7100.9,6108.5,5182.1,4558.4,4317.4,4175.9,4320,4823.4,5048.4,5116.8,4698.3,4277,3532.4,3247.2,2953.5,2656.8,2555.2,2452.4,2297.4,2356.2,2324.5,2317.6,2396.8,2271.2,2348.7,2220.3,2245.6,2301.2,2125.7,2311.7,2199.5,2308.5,2395.4,2385.5,2413.1,2379.1,2378.9,2386,2428.5,2484.3,2503.2,2657.7,2982.1,3256.2,3701.3,4279.8,4533.5,4870.6,5026.2,5072.3,5071.4,5032.1,4800.2,4583.4,4195.6,3853.2,3574.2,3379.8,3372.2,3254.3,3304.2,3341.4,3275.6,3518,3448.9,3564.2,3628.8,3552,3447.1,3342.3,3292.9,3318.4,3213,3120.3,3204.8,3123.8,3092.5,3095.1,3013.1,2903.5,2859.4,2761.2,2658.5,2513,2421.2,2369.8,2228.7,1921,1497.3,1055
1038,1904.9,2943.1,3499.8,3843.9,4201.1,5070.2,6022.6,6949.3,7508.1,7267.3,6217.7,5231.7,4528.8,4224.3,4114.4,4333.7,4922.4,5227.6,5178.9,4625.9,4265.9,3509.2,3121.9,2919.5,2629.2,2453.4,2440.5,2355.6,2354.3,2336.1,2306.5,2432.8,2336.4,2349.6,2262.2,2203.6,2331.5,2162.7,2402.3,2428.9,2423.2,2438.6,2401,2455.2,2489.9,2481.2,2450.5,2483.4,2595.8,2688.9,2829.6,3129.2,3442.5,3828.7,4368.7,4591.3,4951.5,5034.4,5130.4,5245.4,5052.6,4910.3,4715.4,4430.9,4045.2,3765.2,3644.9,3518.8,3424.7,3395.6,3420.6,3466.8,3536.4,3569.2,3627.8,3633.5,3545.7,3495.2,3342,3298.1,3139.4,3055.8,3077.7,2950.4,2972.2,2970.3,2837.3,2675.7,2644.4,2647.7,2647,2637.2,2574.5,2522,2492,2327.4,1983.4,1540.5,1085
1090,1947.6,2914,3487.5,3921.9,4265.3,5067.2,5931,6895.6,7407.7,7063.8,6189.6,5213,4461.4,4266.3,4193.7,4295.6,4686.4,5034.7,5158.4,4745.6,4390.6,3528.5,3193.6,2904.5,2589.9,2464.1,2415.4,2343.3,2334.9,2325.7,2349.7,2404.8,2346.5,2373.7,2214.9,2244.5,2276.6,2062.1,2320.2,2253.4,2333.5,2380.3,2359.5,2399.9,2342.1,2356.9,2332.2,2352,2445.4,2524.8,2646.6,2855.3,3098,3563,4159.1,4373.2,4712.3,4828.9,4913,4947.6,4872.9,4710.4,4545.3,4203.5,3786.5,3449.7,3397.1,3461.3,3339.8,3317,3352.4,3337.7,3419.9,3388.2,3540.6,3622.5,3580.8,3591.6,3505.1,3511,3326.1,3203.2,3196.3,3135.5,3096.2,3105.7,3062.8,2988.1,2910.3,2831.5,2795.6,2735.7,2578.1,2463.3,2431,2329,2035.1,1611.1,1111.6
1136.4,2071.2,3135.4,3597.7,3958.2,4384.2,5372,6343.2,7110.2,7523.9,7109.9,6090.1,5135.4,4465.1,4243.1,4104.4,4311.8,4876.6,5134.3,5218.5,4707.4,4178.6,3454.1,3216,2889.9,2638.5,2567.2,2447,2372.3,2395.6,2342.8,2359.5,2405,2273.8,2365.8,2287.7,2335.7,2306.6,2091.4,2288,2178.8,2313.2,2367.5,2361,2433.5,2419,2391.5,2345.7,2363,2449.1,2524.6,2638.9,2880.2,3081.9,3519.3,4114.6,4425.1,4670.1,4780.6,4878.8,4867.8,4761.5,4666.8,4542.6,4189.8,3833.3,3519.6,3353.3,3382,3303.2,3334.5,3346.9,3356.2,3539.1,3510,3555.6,3484.1,3392,3357.4,3268.9,3334.4,3300.1,3250.2,3233.3,3220.5,3127.3,3087,3067.7,3028.9,2944.8,2850.8,2716.4,2626.1,2476.7,2385.4,2380,2308,1946,1514.5,1058.9
1116.3,1981.3,3013.3,3508.7,3868.3,4391,5357.4,6340.2,7250.8,7812.8,7228.7,6188.2,5268.9,4631.1,4359.8,4130.3,4300.2,4720.5,5015.9,5105.8,4789.3,4241.1,3499.7,3267.4,2871.9,2687.3,2581.5,2376.9,2259.5,2348,2340.5,2371.7,2378.8,2319.3,2362.7,2179.4,2282,2213.6,2143.5,2343.5,2215.5,2320.7,2282.6,2333.3,2466.9,2494.6,2390,2327.8,2385.6,2424.4,2441.2,2639.9,2936.5,3148.2,3642.9,4171.8,4401,4723,4842.4,4881.8,4909.6,4921.3,4847.5,4722.9,4288.6,3861.9,3460.1,3336.9,3318.8,3113.1,3218.3,3309.9,3361,3493.5,3429.1,3588,3565,3464.3,3430.2,3399.8,3321.3,3194.6,3157.7,3163.7,3157.9,3092,3103,3112.6,3007.7,2876.4,2778.8,2726.7,2720.6,2545.1,2429.1,2411.2,2308.8,1998.8,1575,1106.3
1106.8,1867.6,2688.8,3439.6,3894.3,4403.6,4990.4,6109.1,7138.9,7592.3,7307.3,6436.7,5334.8,4730.4,4450.3,4327.5,4454.9,4860.1,5296.8,5196.7,5114.9,4153.9,3625.8,3261.6,2858.9,2752.8,2639.7,2481.7,2458.8,2446.3,2404.8,2424.8,2277.4,2325.5,2298.5,2240.4,2351.9,2167.2,2403.8,2378.2,2404.4,2508.5,2464.9,2578,2606.5,2533,2467.2,2481.9,2547.2,2579.8,2727,2886.6,3020.3,3330.7,3828.4,4160.5,4580,4832.9,4971.3,5074.6,5054.7,5070.3,4910,4648.4,4223.4,3775.9,3618.3,3364.4,3300.7,3247.8,3155,3292.8,3196.4,3391.4,3436.4,3460.4,3600,3520.4,3432.2,3350.4,3251.5,3145.8,3070,2924.2,2979.4,2990.5,2934.9,2900.3,2854.6,2792.3,2758.1,2714.2,2621.3,2608.2,2615.8,2488.7,2361.9,2069.7,1654.1,1063
1055.1,1939.7,2948.1,3483.5,3800.4,4188.7,4950.9,6001.2,6965.9,7315.4,7028.8,6089.1,5150.9,4519.5,4233.1,4183.7,4263.4,4672.5,4996.3,4977.1,4586,4180.5,3472,3040.3,2858,2590.8,2460.5,2415.6,2352.6,2335.1,2307.4,2221,2318.2,2241.5,2295.8,2285.3,2269.8,2400.9,2183.5,2415.2,2412.2,2368.4,2503.9,2454.7,2475.2,2417,2418.3,2408.4,2416.7,2544.6,2584.3,2754.8,3034.8,3375.8,3754.4,4308.6,4523,4743.2,4896.9,4962.8,4989.8,4965.2,4811.5,4540.4,4173.3,3803.1,3508.3,3293.3,3319.9,3318.6,3157.5,3267.4,3179.1,3385.1,3444.5,3496,3596.2,3459.3,3365.5,3209.6,3168.2,3181.9,3140.7,3088.2,3108.4,3089.8,3070.8,3093.9,3091,2909.8,2844.8,2747.2,2592.4,2517.2,2416,2366.6,2295.1,2016.9,1544.8,1097.5
1062.6,1865.6,2840.5,3361.8,3680.3,4125.9,4818.6,5939.2,6823.7,7148.8,6787.7,5828.4,4885.3,4208.5,3993.2,3977.8,4203.6,4779.8,5079.1,5088.8,4593.2,4118.8,3472,3189.8,2952.3,2623.9,2505.4,2408.7,2271.8,2298.5,2275.7,2240.2,2391.6,2272.9,2380.6,2321.2,2303.3,2340.1,2083.6,2379.2,2311.4,2379,2510.1,2502.6,2507.8,2369.3,2415.6,2426.1,2457.6,2562.6,2617.2,2761.8,3046.8,3362.7,3757,4279.8,4449.3,4765.1,4878.4,5004.7,5018.5,4832.9,4687.5,4595.5,4213.7,3751.9,3437.9,3363.9,3344.7,3311.5,3316.8,3360.4,3404.9,3588.6,3554.6,3568.9,3495.9,3429.3,3491,3384.3,3463.8,3374.2,3275.6,3265,3208.3,3184.9,3190.3,3159.2,3035.8,2938.5,2878.5,2773.8,2673.5,2545.2,2450.5,2420.9,2331,1988.2,1560.1,1095.9
1112.4,1863.6,2670.1,3356.4,3772.1,4300.8,4935.4,5990.9,7022.8,7503.8,7224.8,6351.9,5411.5,4784.5,4471.5,4304,4456.4,4938.9,5379.4,5283.5,5146.2,4313.2,3626.2,3407.1,2935.9,2679.5,2634.4,2522.8,2456,2422.2,2315.4,2396.7,2338.7,2354.2,2380.3,2238.8,2354.6,2158.9,2302.4,2275.2,2149.2,2424.6,2356.2,2451.2,2460.4,2413.8,2413.8,2322.1,2434.2,2372.9,2520.7,2750.7,2907.1,3331.8,3662.5,4064.3,4515,4809,5021.4,5221.5,5250.9,5162.8,4979.1,4747.1,4456.4,3928.7,3670.3,3478.3,3318.5,3366.4,3156.8,3361.8,3392,3410.6,3511.6,3488.5,3561.1,3632.1,3489,3352.7,3340.2,3174.6,3204.4,3151.9,3130.1,3163.7,3138.9,3044.7,2937.6,2878.5,2825.7,2710.8,2620.5,2550.5,2476.9,2376.7,2238.4,1943.2,1559.1,1071.6
1070.5,1863.6,2843.2,3319.5,3647.1,4150.2,4890.2,5953.4,6929,7252.1,6944.6,5921.4,5008.1,4447.3,4159.8,4111.7,4274.2,4781.1,5196.4,5206.6,4658,4081.1,3459.6,3097.2,2903.9,2597.6,2477.6,2401.3,2294.9,2298.3,2314.1,2238.3,2361.3,2299.2,2357.8,2307.1,2257.9,2387.9,2279.1,2416.6,2301,2264.1,2472.7,2449.1,2495.5,2415.6,2382.2,2352,2368.3,2561.7,2616,2766,2971,3400.2,3879,4224.3,4501.7,4845.6,5034.1,5014.2,4978.9,4940.3,4786.4,4620,4355.4,3880.3,3458.9,3402.7,3303.6,3208.9,3212.2,3295.5,3302.9,3508.3,3513.7,3501.5,3554.7,3288.8,3354.8,3355.8,3318.1,3272.8,3192.3,3143,3166.1,3170.6,3106.2,3085.9,3099.8,2938.9,2880.8,2798.8,2670.5,2596.9,2535.6,2374.6,2225,1954,1559.4,1080.3
1083.5,1763.5,2753.7,3382.9,3699.1,4177.5,4799.9,5857.3,6830.8,7139.8,6809.9,5899.5,4986.5,4403.4,4034,4068,4220.2,4705.3,5279.4,5048.8,4622.1,4024.2,3602.2,3093.5,2985.7,2646.9,2479.9,2449.8,2380.8,2330.5,2387.9,2314,2354,2319.1,2221.5,2336.5,2135.3,2334.7,2295,2309.9,2446.7,2306.9,2474.4,2500.7,2469,2444.7,2376.9,2476.3,2390,2486.7,2622.2,2730.6,2990.1,3338.7,3783.6,4232.2,4541.3,4703.3,4850.4,4950.6,5029,4971.5,4805.8,4535.4,4187.1,3835.4,3554.3,3371,3244,3233.7,3091.8,3219.4,3213.5,3273.9,3473.3,3270.2,3493.8,3467.9,3365.3,3363.8,3302.1,3164,3197.4,3109.6,3052.1,3079.2,2983.9,3031.5,3143.1,3053.1,2912.2,2815.3,2607.8,2543.2,2513.4,2419.2,2256.7,1983.4,1549.5,1081.7
1048.2,1650.6,2651.6,3369.2,3657.2,4116.4,4713.5,5628.1,6637.5,7121.1,6915.5,6108.5,5231.6,4573.2,4089.5,4040.4,4154.8,4546.1,5061.8,5024.9,4724.6,4033.6,3653.4,3107.2,2913.9,2711.4,2503.8,2417.1,2355.1,2223.3,2310.4,2278.9,2318.1,2384.6,2214.8,2338.3,2204.2,2303.3,2313,2155.8,2358.4,2218.9,2351.8,2474.1,2500.2,2474.3,2350.3,2399.1,2386.9,2474.9,2624.9,2752.5,2991.5,3372.2,3707.4,4063.3,4456.8,4686.5,4865.3,4964.7,5087.5,5055.1,4893.1,4656,4389.8,3982.7,3706.9,3540.2,3357.7,3332.6,3277.7,3351,3447,3473.7,3565.6,3429.4,3567.3,3657.6,3569.2,3420.6,3238.3,3244.4,3220.1,3141.1,3065.1,3049.4,3064.5,3049.7,3025.6,2945.2,2807,2683.2,2608.8,2553.8,2470.7,2383.4,2241.8,2042.3,1588.5,1073.7
1106,2024.2,3000.8,3660.5,4027.1,4418.4,5421.8,6341.6,7184.3,7566.9,7209.7,6173.6,5174,4520.5,4282.5,4268,4398.2,4816.2,5191.4,5204.6,4602.6,4118.5,3461.1,3120.7,2905.3,2591.1,2442.3,2390.1,2287.2,2280.9,2285.2,2247.6,2398.7,2330.4,2371.2,2284.2,2162.6,2297.8,2123.4,2282.3,2268.2,2295.2,2408.7,2431,2411.3,2319.2,2331.2,2398.5,2447.2,2515.5,2603.4,2699.7,2991.2,3307.1,3686.5,4235.8,4545.8,4805.4,4902.8,4986.8,5007.1,4978.1,4805.8,4619.2,4274,3886.8,3605.7,3440.7,3404,3246.4,3225.4,3413.3,3403.9,3471.8,3371.9,3459.2,3492.2,3401.7,3448,3290.7,3338.1,3281.1,3177,3195.9,3192.6,3119.1,3048.5,3009.8,2938.5,2878.7,2816.3,2737.7,2670,2557.3,2469.1,2425.9,2250,1895.2,1496.2,1086.1
1084.1,1752.7,2688.3,3389.7,3567.4,4041.6,4816.4,5784.5,6809.7,7381.2,7054.7,6110.2,5243.8,4616.6,4203.9,4116,4362.4,4707.6,5231.5,5405.5,4962.8,4121.3,3742.2,3236.3,2914.5,2791.5,2637.6,2576.1,2499.5,2366.1,2342.9,2408.8,2404.2,2450.2,2286.4,2292.8,2272.8,2169.2,2343,2142.4,2334.5,2383.1,2369.5,2415.2,2359.2,2420.9,2359.7,2350.5,2420.6,2480.4,2597.1,2764.3,2871.4,3328.3,3861.2,4027.6,4417.2,4779.4,5008.5,4975.5,4939.6,5001.1,4944.9,4697.7,4384.1,3980.1,3727.3,3600.1,3496.8,3557.4,3578.7,3510.1,3600.9,3649,3727.5,3742.8,3773.9,3762.5,3623.6,3471.2,3338.2,3276.8,3242.6,3203.9,3167.3,3132,3078.5,3042.7,3011,2894,2792.6,2760.9,2736.4,2638,2495.7,2391.8,2259.2,2005.7,1591.3,1087.4
1052.7,1654.9,2693.2,3406.4,3703.5,4138.5,4594.6,5558.4,6710.5,7226,7200.1,6204.6,5137.2,4434.1,3877.1,3972.4,4107.7,4599.3,5210.7,5134.8,4788.5,4213.9,3738.3,3144.7,2983.3,2692.3,2472.4,2438.5,2432.6,2359.9,2393,2371.4,2415.3,2375.5,2304.3,2380,2222.1,2389.3,2307.9,2265.7,2355.3,2184.4,2399.6,2411,2419.5,2423.1,2384.6,2409.4,2348.4,2467,2613.3,2724.7,2942.3,3337.4,3670.1,4082.9,4460.1,4726.2,4945.9,5000.1,5057.4,5002.4,4840.3,4655.4,4376.3,3926.3,3667.9,3468,3365.8,3385.4,3262,3419.8,3461.2,3521.4,3563.5,3517.8,3654.6,3661.7,3501.1,3386.1,3304.2,3228.7,3248.4,3220.5,3257.2,3249.5,3158.3,3109.1,3093.9,2955.4,2886.6,2876.3,2746.2,2612.1,2483.8,2412.3,2268.4,1993.5,1554.4,1084.5
1081.9,1859.4,2711.1,3403,3779.5,4274.2,4924.1,5881.3,6931.8,7549.1,7279.5,6428.3,5301.8,4620.6,4359.4,4253.5,4539.3,4953.9,5298.5,5266,5107.2,4231.3,3610.6,3332.8,2879.4,2718,2621.7,2529,2537.1,2478.9,2383.9,2439,2367.3,2375.6,2347,2225.9,2381.3,2181.9,2355.2,2362.1,2330.8,2455,2353,2491.7,2466.5,2390.5,2395.2,2356.8,2456.1,2419.8,2587.7,2753.5,2906.1,3218.5,3606.4,4056.5,4512.7,4803.7,4918.9,4999.7,5024.2,5019.9,4877,4585.8,4192.3,3767.3,3622.3,3418,3310.7,3288.4,3196.7,3324.8,3374.3,3434.7,3570.6,3665,3592.5,3620.9,3504.9,3442,3424.9,3312.8,3275.3,3250.1,3195.6,3210.8,3232.1,3151.2,3042.4,2958.2,2841.6,2758.4,2698.5,2579.4,2508.1,2391.6,2221.4,1985,1570.1,1067.1
1110.9,1850.6,2704.1,3406.7,3653.6,4080.7,4780.4,5779.2,6759.8,7344.2,6996,6021.1,5160.2,4539.8,4168.7,4044.5,4293.1,4638.8,5082.1,5233.5,4852.4,4103.1,3692.9,3192.7,2833.3,2749.7,2579.7,2475.1,2421.1,2347.2,2349.7,2414,2366.7,2410.8,2273.2,2286.4,2288.3,2151.9,2320.7,2153.6,2334.2,2320.5,2230.2,2363.4,2289.6,2392.9,2329.6,2351.8,2408.9,2361.1,2566.6,2733.9,2888.9,3231.3,3726.9,4129.9,4546.2,4789.8,5043.6,5102.9,4986.9,4932,4842.1,4618.9,4321.4,3940.1,3696,3572.1,3390.2,3340.3,3278.3,3192.2,3429.4,3448.3,3565.7,3554.8,3557.7,3645.7,3502.8,3473,3343.8,3260.2,3246.7,3210,3205.3,3239.2,3126.5,2991.4,2913.7,2807.7,2744.3,2690.9,2671.4,2616.1,2520.8,2380.9,2205.6,1981.4,1599.2,1061.9
1055.2,1643.1,2582.8,3216.4,3498.9,4037.6,4648.9,5651.7,6685.9,7103.5,6932.1,6040.7,5086,4444.9,4017.2,4118.5,4273.5,4660.6,5249.7,5047.9,4691.3,4086.6,3601.5,3077.1,2896.7,2628.3,2479.5,2426.5,2371.3,2347.6,2408.5,2366.7,2401.1,2356.7,2257.5,2336.5,2166.9,2352.3,2304.4,2270.3,2401.9,2286,2487.5,2505.3,2455,2428.6,2378.8,2425.6,2402.9,2505.3,2637.6,2770.2,3016.3,3422.6,3683.4,4123.1,4518.1,4681.3,4859,4911.9,4988.9,4987.8,4870.3,4659.4,4358.1,3897.7,3647.1,3484.8,3316.9,3334.7,3196.9,3332.1,3359.8,3419,3592.1,3661,3617.1,3593,3457.9,3329.4,3278,3245.8,3307.5,3268.2,3242.5,3233.8,3165.5,3180.3,3224,3064.3,2914.7,2846.1,2728.2,2639,2457.6,2366.3,2261,2025.6,1546.8,1056.6
1063.5,1704.3,2655.3,3195.1,3442.2,3991.2,4447.3,5668.3,6755.9,7132.4,6891.2,5958.4,5001.6,4417.9,4069.8,4096.5,4249.5,4702.1,5175.1,5016.8,4637.4,4157.4,3609.8,3098.8,2987.4,2649.7,2478.2,2469.1,2428.1,2353.6,2334.6,2265.3,2379.7,2318.5,2246.7,2320.8,2118.9,2293.6,2148.1,2155.7,2267.2,2120,2331.8,2406.7,2433.2,2418.8,2377.1,2370.9,2323.8,2412.9,2566.3,2691.1,2891.6,3232.9,3539.8,4035.6,4475.2,4645.6,4815.1,4962.5,5036.7,4995,4867.6,4655.3,4320,3954.8,3692,3504.4,3422.9,3394.1,3299.6,3426.7,3508.3,3655.8,3691.3,3605.7,3653.8,3592.7,3459.6,3358.9,3329.1,3322.1,3249.5,3176.5,3163.6,3172,3101.2,3032.1,2978,2932.5,2871,2787.3,2703.2,2632.5,2525.4,2419.2,2241.3,1956,1533.8,1079.9
1080.4,1877.6,2724.8,3491.6,3874.2,4309.4,5026.1,5912.7,6929.1,7619.8,7328.9,6475.1,5390.4,4729.8,4351.5,4178.6,4493.5,4888.6,5317.4,5383.7,5162.6,4263,3631.3,3317.8,2944.2,2838.4,2700,2593.5,2511.7,2388.1,2297.1,2418.7,2452.2,2447,2307.6,2132.8,2290.1,2105.1,2266.3,2274.2,2266.2,2376.5,2303.6,2407.9,2387.3,2416.2,2428.9,2375.5,2427.7,2444.2,2541.5,2725.6,2916.1,3242.4,3838.8,4162.2,4643.4,4969,5041.1,5107.4,5096.5,4970.5,4794.5,4562.7,4242,3863.6,3626.5,3525.5,3409.7,3340.2,3432.7,3395.8,3516,3475.5,3549.6,3671.6,3626.8,3735.5,3612.6,3485.3,3346,3184.9,3203.9,3118.1,3110.6,3139.9,3118,2982.2,2913,2844.5,2772.9,2738.6,2721.7,2655.2,2578.3,2518.6,2395.7,2031.7,1577.6,1104
1031.2,1963.4,2941.2,3563.2,3993.2,4350.9,5213.9,6111.6,7091.7,7647.2,7412.7,6311.2,5338,4682,4347,4223,4388.5,4923.8,5301.5,5370.9,4847.4,4316.8,3539.2,3150.5,2980,2680.8,2547.9,2531,2505.9,2495.2,2409.3,2266.3,2368.5,2258.4,2340.8,2317.9,2296.4,2441.7,2260.8,2515.2,2528.2,2521.1,2618.7,2553.8,2612.2,2576,2552.1,2530.4,2565,2730.9,2763.2,2935.7,3220.7,3534.7,3931.2,4384.4,4681,5009,5163.7,5172.8,5249.3,5151,5011,4713.2,4324.5,3934.2,3585.2,3522.7,3397.7,3390.7,3420.4,3314.8,3429.2,3447.9,3533.7,3612.8,3651.5,3608.8,3576.7,3376.4,3310.4,3213.2,2996.2,3141,3114.9,3108.6,3174,3201.3,3080.2,2945.9,2798.5,2684.5,2578.7,2462.5,2511.3,2496.7,2341.2,2030.7,1552.9,1055.7
1082.8,1895.9,2764.3,3515.4,3909.7,4335.5,5077.7,5889.8,6829.7,7515.5,7187.8,6223.8,5102.7,4536,4343.1,4223.9,4458.7,4803.7,5152.6,5200.5,5039.6,4267.3,3594.6,3255.1,2913.3,2793.1,2671,2544.8,2517.2,2457,2323.9,2364.9,2300.9,2388.7,2399.1,2284.3,2379.1,2215.4,2362.8,2372,2375.9,2482.1,2382.4,2499.1,2509.9,2486.3,2400.4,2295.8,2447.8,2429.5,2538.1,2729.4,2939.6,3261.6,3823.6,4161.5,4604.8,4922.7,5051.5,5159.8,5128.7,5072,4940.7,4685.1,4297.3,3856.3,3740.6,3583.9,3499,3473.6,3436.8,3423.1,3535.7,3580.8,3623.6,3667.6,3628.6,3694.6,3550.6,3457.3,3409.3,3300,3279.5,3109.8,3151.5,3171.8,3135.1,3060.6,2999.3,2956.4,2870.3,2744.9,2613.2,2555.9,2519.1,2411,2231.1,1934.3,1529.1,1076.4
1068.4,1931.6,2900.2,3579.5,4060.7,4541,5304.4,6264.7,7288.2,7911.8,7582,6704.1,5571.4,4764.4,4541.1,4390.6,4553.2,4998.4,5302.5,5279.3,5018.5,4252.4,3528.3,3295.6,2924.1,2804.6,2682.3,2492.2,2403.1,2440.6,2414.6,2385.6,2288.2,2316.4,2349.7,2159.8,2369.3,2196.2,2285.8,2387.8,2336.5,2513,2422,2459.5,2485.1,2456.5,2421.6,2340.1,2530.5,2532.3,2598.2,2819,3031.2,3368.7,3968.2,4308.7,4676.6,5026.2,5084.4,5222.1,5166,5055.6,4913.2,4676.4,4286.9,3822.8,3609.9,3561.5,3530.9,3428.3,3441.1,3391.1,3498.1,3544,3527.7,3719.3,3677.4,3719.1,3676.5,3550.1,3434.4,3294.9,3282.4,3242.9,3216.5,3166.9,3128.4,3075.9,2999.6,2904.8,2812.6,2785.2,2809.1,2656.8,2553.3,2413.8,2214,1929.4,1590.5,1071.5
1107.5,2006.4,2944.6,3597.6,4061.2,4586.1,5290.7,6222.4,7265,7845.8,7489.5,6582.9,5497.2,4751.2,4461.7,4301.9,4498.1,4949,5270.5,5231.2,5043.4,4242.6,3491,3280.6,2896.8,2725.5,2600.7,2485,2475.6,2473.8,2382,2423.6,2359.4,2353,2392.9,2245.4,2369.1,2229.4,2309.8,2385.3,2272.8,2415.9,2341,2410.7,2442.3,2419.3,2378.3,2233.8,2376.6,2432.6,2509.7,2678.1,2842.6,3158.5,3791.9,4158.1,4426.6,4806.8,4992.3,5044,5011.2,4926.4,4828.7,4671.1,4295.3,3909.7,3609.8,3493,3428.3,3261.3,3350.9,3309.1,3413.5,3491.2,3493.2,3709.7,3775.2,3799,3706,3507.6,3336.1,3231.7,3179.3,3183.7,3152.4,3121.8,3138.3,3065.1,3009.1,2955,2885.5,2775.8,2635.8,2518.3,2455.5,2386.9,2249,1976.5,1599.1,1099
1017.5,1996.2,3017.8,3528.6,3894.5,4328.7,5139.7,6021.3,6951.3,7432.2,7182.9,6092,5159.5,4460.2,4108.9,4108.7,4350.9,4940.6,5377.4,5347.6,4784.6,4373.4,3539.9,3063.2,2949.1,2680.7,2541.8,2500.1,2437.6,2401.1,2384.2,2341.8,2381.8,2258.4,2335.7,2326.3,2286,2399.3,2192.8,2412.6,2461.5,2455.5,2564.7,2460.1,2526.5,2485.4,2471.9,2467.7,2416.6,2539.7,2549,2716.9,2888.7,3245.4,3902.9,4278.8,4712.5,4994.5,5168.3,5235.3,5215.3,5124.3,4937.2,4652,4268.7,3818.5,3570,3493,3340.3,3265.7,3433.2,3322.3,3535.1,3494,3579.1,3737.5,3663.8,3684.4,3658.4,3519.9,3342.6,3276.7,3164.2,3281.8,3306.8,3210.9,3135.2,3107.7,3042.6,2940,2890,2844.7,2741,2658.3,2563.8,2417.2,2242.2,1960.2,1545.4,1074.4
1057,1802,2605.1,3346.1,3712.3,4113.1,4858.8,5788.5,6801.1,7451,7062.1,6029,5170.1,4607.7,4277.9,4049.3,4383.2,4766.1,5143.2,5312.9,5067.2,4269.1,3642.4,3338.6,2960,2823.3,2655.3,2523.5,2487.2,2460.1,2414.9,2454.6,2356.9,2442.1,2430.6,2319.9,2381.1,2223.3,2393.5,2313.9,2278,2355.8,2195.9,2395.7,2355.9,2368,2332.2,2236.7,2422.6,2379.4,2555.7,2768,2927.8,3226.9,3810.7,4155.4,4508.5,4795.5,5038.5,5190.2,5149.8,5131.1,5073.3,4825.1,4392.4,3895,3753.8,3623.2,3512.2,3462.6,3466.5,3444.8,3581.3,3640.9,3696.4,3746.6,3701.6,3722.8,3674.9,3619.8,3481.3,3341,3354.8,3382.7,3281.6,3253,3251,3168.5,3069.2,2919.5,2853,2807.3,2713.8,2605.2,2561.3,2452.7,2249.8,1968.6,1604.2,1093.1
1078.2,1898.8,2803.6,3450.8,3821.8,4266.9,5096.7,6133.3,7111.1,7684,7277.8,6362.2,5397.6,4794,4442.7,4279.7,4497.1,4919.4,5271.5,5324,5025.7,4211.5,3534.9,3343.7,2907.9,2790,2680.1,2527.4,2449.1,2436,2385.9,2415.8,2347.2,2367.1,2390.6,2197.3,2336.6,2232.5,2328.2,2354.7,2250,2423.1,2341.9,2467.7,2517.3,2492.3,2473.4,2332.4,2510.9,2534.9,2619.4,2782,2914.3,3290.9,3852.6,4246.3,4633.5,5021.1,5060.5,5156.4,5135.6,5078,4983,4776.4,4296,3791,3597.3,3556.1,3496.9,3372.4,3395.6,3384.6,3520,3580.3,3547.1,3728.3,3726.5,3736.2,3610.7,3422.7,3359.8,3280,3251.5,3213,3222,3230.9,3214.4,3110.3,3030.1,2998,2935.8,2830.6,2787.1,2629.1,2530,2479.6,2344.5,1963.7,1531.9,1080.9
1140.5,2134.4,3170,3653.6,3955,4328,5308.5,6303.9,7165.5,7616.9,7140.1,6100.8,5104.2,4453.5,4309.5,4273.7,4484.6,5097,5235.3,5342.1,4890.7,4211.5,3450,3134.3,2845.4,2629.4,2559.2,2460.2,2402.5,2450.2,2439.4,2399.5,2360,2266.1,2379.3,2283.8,2355.4,2396,2242.8,2438,2310.2,2413.4,2477.8,2384.8,2482.2,2383.3,2401.4,2340.7,2336,2487.9,2509.2,2687.4,2965.6,3301.5,3711.4,4233.2,4618.2,4951.2,5048.1,5180.8,5196.4,4997.1,4913.9,4738.3,4363.3,3989.5,3724.8,3524.3,3497,3436.6,3400.2,3539,3563.9,3673,3707.6,3720.5,3870.7,4002.1,3729.2,3555.4,3446.6,3391.9,3389.6,3328.8,3308.9,3292.8,3255.7,3178.7,3037,2939.7,2894,2826.2,2698.9,2588.1,2533.9,2476.7,2269.5,1979.4,1574,1060.6
