1060.8,1850.9,3049.8,4175.9,4756.1,5327.7,6225.4,7571.4,9064.3,9752,10005,9139.1,8071.8,7355.2,6925.8,6999.3,7073.1,7172.5,7380.9,7656.1,7365.5,7043,6042.9,5299.1,4781.4,4399.2,4079.8,4215.1,4254.3,4089.4,4229.3,4485.3,4379.1,4408.5,4626.7,4571.5,4574.4,4655.1,4604.4,4388.4,4337.7,4239.2,4178.6,4191.8,4221.3,4136.4,4025.3,3938.5,3859.7,3769.1,3756,3862.1,4066.2,4419.9,4830.7,5450.8,6309.7,7206.3,7997.6,8452.6,8743.7,8800.7,8721.2,8347.2,7773.9,7074.4,6653.7,6586.5,6529.1,6308.9,6025.6,5873.7,6030.3,5956.3,5959,6102.7,6168,5967.1,6118.7,6118.3,5827.6,5659.3,5293,4811.3,4441.6,4207.8,3844.5,3808.3,3653.9,3478.3,3596,3339.9,3199.4,3240.8,3281.1,3181.2,3210.9,2645,1867.3,1077.6
1051.6,2003.1,3201.5,4223.4,4972.3,5379.5,6132.1,7603.8,8889.7,9705.4,9722.2,8982.3,8038.7,6982,6773.3,6726.3,6814.6,6908.8,7129.9,7250.6,7320.2,6769.9,5819.4,5072.2,4746,4293.8,4111.9,4335.5,4107.6,4050.8,4427.7,4583.9,4465.6,4648.7,4711.9,4691.5,4688.7,4798.4,4641.4,4546.1,4502.4,4380.3,4319.2,4425.5,4399,4256.1,4225.3,4118.8,3977,3941.3,3986.1,4060.4,4268.6,4599.3,4959.7,5466.7,6311.3,7208.6,7876.2,8315.5,8507.5,8648.1,8540.8,8225.9,7652.9,7020.2,6858.9,6744.6,6588.9,6385.9,6170.1,6111.4,6122.9,5977.2,5904.3,5866,5813.8,5669.7,5983.3,5770.6,5561.1,5506.2,5167.1,4676.5,4556.1,4293.5,3991.6,3962.2,3676.7,3540.2,3525,3378.5,3214.5,3099.2,2980.5,2960.4,2959.8,2510.8,1904.1,1127.1
1033.9,1948.1,3161.1,4178.5,4914.5,5316.8,6020,7505.7,8914.9,9854.9,9988.8,9185,8217.2,7144.2,6824.3,6699.8,6889.2,7008.6,7191.2,7253.7,7262.8,6795.6,5898.5,5191.9,4762.5,4279,4070.8,4237.3,4180,4129.2,4409.2,4588.3,4452.2,4612.3,4721.5,4782.7,4827.6,4908.1,4730.1,4590.5,4533.2,4491.5,4446,4475.6,4413.6,4283.1,4264.6,4163,4013,3935.6,3940.5,4036.4,4257.7,4554.2,4875.6,5414,6277.7,7212.9,7893.6,8390.9,8602.7,8704.1,8562.8,8272.7,7687.2,7067.9,6773.6,6648.5,6550.8,6304.5,6050.1,6015.5,5935.8,5729.1,5593.9,5749,5698.4,5450.3,5796,5739,5459.4,5190,5014.2,4631.4,4604.5,4380.3,4135.7,4006.8,3663,3620.2,3553.4,3347.3,3247.5,3157,3003.2,3019.8,2899.5,2362.4,1809.6,1075.8
1046.6,2005,3203.2,4183.3,4921.7,5441.6,6273.8,7695,8960.4,9745.8,9704.8,8845.8,7957.1,7054.2,6897,6858.4,6987,7088.8,7280,7373.5,7329.2,6707.4,5722.2,4996.7,4666.8,4243,4091.3,4346.5,4046.4,3999.7,4386.4,4498.6,4427.6,4619.8,4604.9,4562.6,4631.5,4745.6,4570.4,4446.4,4408.1,4328.3,4286,4368.9,4356.9,4226.2,4219,4075.6,3915.3,3820.1,3795.4,3949.5,4256.3,4635.1,5017.1,5551.5,6389.4,7233.1,7883.9,8404.8,8449.6,8376.4,8384,8179.2,7505.5,6911.5,6837.7,6826.3,6607.6,6374.6,6201.8,6174.3,6103.2,5898.6,5600,5699.6,5686.9,5561,5811.6,5774.9,5581.3,5373.1,5162.5,4787.6,4747.3,4536.6,4199.9,4183.3,3873,3687.1,3581.3,3407.8,3188.2,3129.9,3063.9,3025.5,2998.5,2547,1939.1,1085.7
1055.7,1913.4,3052.2,4189.7,4940.5,5297.9,6026.2,7429,8783.4,9764.5,9813.5,9170,8138.6,6973.6,6826.3,6826.8,6988.8,7101.8,7265.3,7271.8,7221.6,6679.3,5846.1,5033.6,4566.2,4180.6,4078.7,4257.1,4280.9,4193.3,4495.1,4811.5,4679.1,4694.9,4883.9,4880.6,4763.7,4870.3,4713.7,4561,4430.1,4379.3,4295,4318.4,4219.3,4083,3992.1,3886.5,3796.3,3750.1,3779.7,3874.3,4193,4583.1,5007.5,5468,6323.9,7328.6,8015.9,8539.6,8766.1,8816.9,8591.9,8305.5,7775.3,7173,6732,6660.9,6606.7,6473.6,6277.5,6340.2,6279.3,6053.5,5808.7,5859.6,5641.8,5485.8,5849.2,5716.6,5603.7,5338.7,5003.4,4846.8,4595.1,4420.5,4247.7,4013.2,3780.4,3699.5,3473.5,3348.8,3408.2,3163.6,3082.8,3136.1,2925,2397.8,1910.4,1121.5
1117.4,1988.8,3112.9,4231.4,4939.8,5395.9,6286.2,7727.8,8933.1,9819.8,9667.2,8974.3,8005.3,7063.5,6829.8,6820.9,6945.5,6994.8,7128.2,7200.3,7305.8,6595.7,5783.2,5113.8,4802.2,4264.3,4070.4,4246.8,4094.3,4072.2,4460.9,4508.5,4449,4599.8,4673,4681.1,4771,4927.8,4693.2,4492.6,4464.8,4474.6,4402.6,4478.4,4345,4194.4,4096.4,3985.6,3901.4,3922.8,3943.5,4016.5,4273,4623.8,5005.5,5444.3,6350.5,7287.5,7933.6,8461.9,8595.7,8676.9,8515.8,8203.4,7612.8,7046.3,6918.4,6806.9,6564.7,6291.3,6127.4,6196.1,6160.3,6008.2,5872.6,5891.2,5734.2,5648.1,5818.5,5697.5,5559.8,5312.3,4942.4,4512.1,4539.1,4255.4,4080,3952.9,3656.4,3641.7,3497.5,3369.7,3328.2,3152.8,2987.6,3024.1,2859,2363.9,1917.5,1096
1107.2,2083.8,3289.2,4295.3,4929.9,5352.1,6197.5,7449.7,8714.4,9747.3,9644.3,9062.3,8020.2,7065.7,6807.5,6758.4,6898.6,7051.8,7313.1,7330.5,7276,6661.4,5844.4,5076.2,4796.9,4298.9,4143.4,4381.8,4222.3,4130.7,4550.7,4656.3,4442.7,4471.3,4598.1,4632.5,4668.8,4768.2,4563.1,4406.2,4335.4,4267.1,4205.9,4286.7,4251.8,4129.7,4063.9,3970.8,3868.5,3842.7,3870.3,3947.4,4195.2,4527.2,4842,5399.7,6293,7269.3,7999,8536.7,8575.4,8551.6,8457.7,8151.9,7574,7003.5,6873,6810.4,6652.9,6365.3,6081.2,6089.6,6032.7,5833.9,5741.8,5803.4,5631.9,5405.6,5732.5,5667.3,5522,5375.5,5104.2,4705.4,4688.9,4355.9,4090.8,4052.6,3782.6,3720.7,3584,3349.9,3184.3,3070.3,2914.4,3006.6,3065.9,2487.1,1922.4,1136.8
1077.1,1956.6,3227.5,4183.4,4774.7,5397.6,6343.8,7667.5,9027.5,9544.2,9745.6,8828.4,7849.5,7023.6,6716.2,6731.2,6770.2,6858.3,7255.7,7490.4,7335.5,7045.7,5865.6,5036.7,4673.2,4421.8,4106.9,4222.5,4251,4086.1,4264.8,4626.5,4560.3,4596.7,4709,4714,4643.4,4742.9,4666.6,4462.5,4316.9,4298.5,4240.6,4209,4251.6,4122.4,4031.7,3873.4,3712,3688.3,3706.5,3756.8,4027,4543.8,4995.5,5535.5,6451.3,7480.6,8200.9,8616.3,8690.9,8594.1,8270.2,7763.7,7144.1,6463.1,6238.1,6287.2,6214.7,6022.9,5969.9,6083.4,6063.4,5876.8,5937.4,6062.4,6108.6,5926.3,6071.4,5808.4,5676.2,5524.6,5118.1,4800.9,4692,4520.3,4299.4,4142.8,3793,3672,3600.6,3391.3,3306.9,3176.1,3041.7,3095.6,3056.7,2434.5,1862.8,1109.2
1077.8,1877.2,3059.1,4278.9,4836.9,5228.9,6266.8,7673.6,8813.5,9806.4,9597.9,9020,7926.4,7006.3,6635.5,6700.4,6966.1,7023,7163.8,7313.2,7547.9,6598.3,5677.4,5045.2,4810.1,4262.2,4220.2,4437.2,4179.8,4153.1,4514.2,4442.2,4422.9,4572.5,4653.1,4649.8,4811.2,4903.7,4669.4,4516.4,4428,4370.8,4361,4522.1,4360.2,4231.9,4145.3,4015,3885.1,3824.2,3826.4,3957.8,4265.3,4631,4940.4,5456.3,6451.2,7474.8,8047.3,8473.9,8641.8,8679.9,8521.2,8167.1,7502.5,6979.5,6835.7,6674.5,6407.9,6211,6181.3,6242.1,6102.8,5867.3,5887.6,5904.7,5629,5748.5,5896.9,5711.3,5484.8,5266.4,4919.4,4588.8,4549.5,4181.8,4105.7,3923.2,3624.8,3640.9,3419.3,3260.4,3101.9,2967.8,2875.5,3049.7,2856.7,2392.4,1854.4,1080.5
1067.8,1961.3,3289.1,4295.4,4847.6,5320.6,6034.1,7457,9035.4,9616.8,9841.3,8879,7866.7,6976.2,6663.1,6854.3,6972.5,7076.8,7349.4,7550.6,7172.5,6867.3,5894.2,5107.7,4639.1,4473.1,4100.5,4196.8,4341.6,4191.2,4335.5,4782.7,4647,4555.6,4692.5,4733.8,4761.9,4832.7,4716.5,4465.3,4456.6,4382.8,4335.9,4305.5,4360.7,4278.9,4141.6,4029.5,3928.8,3838.9,3829.5,3945.8,4156.8,4570.3,4979.5,5543.7,6374.2,7153.7,7798.6,8233.8,8495.3,8502.2,8441.7,8127.3,7555,6841.3,6477.5,6502,6468,6312.9,6105.9,6008.1,6117,5905.9,5638.4,5637.8,5713.8,5516.3,5593.1,5674.2,5470.7,5091.4,4918,4616.8,4349.8,4351.4,4036.8,3998.4,3929.8,3708.6,3653,3478.3,3216.6,3078.6,3109.6,3005.2,2990.5,2553.1,1841.8,1087.2
1087.8,1858.3,3097.4,4349.6,4789.5,5126.2,6027.8,7295.7,8726.9,9546.5,9626,8853.5,7731.6,7185.6,6792.2,7009,7083.7,7169.5,7576.2,7797.1,7337.5,6708.8,6115,5321.2,4636.2,4348.9,4201.1,4045.8,4302.4,4343.3,4326,4545.6,4721.7,4538.8,4630.6,4750.4,4683.9,4606.7,4551.4,4378.1,4291.9,4346.2,4227.4,4220.8,4194.7,4148,4076.4,4033.9,3843.9,3678.5,3736.9,3900.9,4150.3,4455.8,4886.6,5393.7,6258.6,7264.4,7936.9,8422.9,8642,8713.4,8614.4,8345.7,7828.3,7259.9,6800.7,6539.8,6454.6,6359.5,6213.2,6158,6149.9,6115,5844.5,5731.7,5877.4,5825,5652.8,5749.2,5668.1,5403.9,5439.6,5214.4,4942.5,4773.3,4473.7,4084.4,3972.5,3841.7,3613.2,3658.2,3366.6,3171.6,3096.2,3066.3,2850.6,2607.1,2010.9,1122.7
1076.9,2027.8,3227.5,4277.9,4928.5,5373.5,6307.8,7754.7,8968,9767.6,9587,8708.5,7823.5,6949.3,6783.9,6734.4,6940,7099.9,7286.2,7304.1,7290.8,6737.7,5730.8,4944.9,4585.8,4240.4,4128,4344.9,4241.5,4159.7,4419.1,4560.5,4427.9,4482.4,4608.9,4653.4,4665.4,4785.5,4605,4404,4372.5,4412.3,4369.6,4376.5,4348.3,4247.7,4175.8,3954.6,3817.1,3802.4,3823.5,3984.1,4240.9,4600.1,4967.5,5546.1,6432.8,7361.6,8064.7,8581.7,8634.1,8532.7,8416.5,8140.3,7482.2,6805.4,6674.5,6664.4,6498,6226.8,6011.3,6047,6072.3,5923.3,5671.2,5746.3,5732.3,5477.7,5738.5,5711.2,5484,5231.4,5021.6,4540.8,4492.6,4239.2,3923.7,3887.7,3646.4,3510.8,3473.5,3359.1,3151.8,3115.1,3036,2928.3,2870.1,2389.8,1828.1,1078.5
1051.2,1898.8,3174.7,4191,4798.1,5363.4,6229.2,7616.7,9073.9,9604,9762.2,8857.7,7931,7146.7,6777.1,6694.4,6806.1,7079.9,7380.6,7587.4,7326.7,7090.7,6052.4,5141.7,4581,4391.1,4091.7,4199.2,4344.8,4177,4266.2,4629.1,4551.3,4590.5,4760.4,4745.1,4769.5,4780.5,4633.6,4426.3,4416.5,4296.5,4238.4,4305,4426.1,4284.8,4108.8,3997.6,3906,3803.1,3656.1,3785,4074,4423.5,4713.6,5287.8,6165.4,7095.6,7920.2,8291,8489.3,8475.4,8457.8,8253.9,7728.9,7012.5,6589.5,6557.9,6417.6,6177.4,5971.8,5899,5891.4,5607.3,5400,5525.2,5737.6,5642.9,5700.3,5726.6,5518.6,5286.7,5104.8,4840.4,4595.1,4511.6,4127.9,4086.3,4026,3699.3,3562.7,3423.1,3210,2977,2943.3,2878.7,2836.2,2503.3,1872.5,1143.6
1055.7,1870.5,3091.9,4209,4698.3,5200.4,6060.9,7390.8,8913.6,9654.4,9913.7,8943.6,7706.3,6978.9,6465.2,6556.4,6675.2,6915.2,7167.4,7351.4,7089.9,6901.3,5947.2,5098.9,4605.7,4388.7,4069.3,4116.6,4370,4175.1,4222.4,4669.6,4669.6,4577.6,4750,4723.6,4722.1,4790.7,4776.5,4542.3,4547.1,4512.2,4426.4,4350,4359.4,4289.4,4138.2,4009,3905.4,3851.8,3891.5,3978.1,4147.8,4502.5,4961.5,5491.1,6370.8,7215.9,7979.8,8500.3,8851.9,8681,8458.3,8182,7725.9,7141.3,6661.2,6574.4,6539.3,6335.3,6130.8,6094.1,6229.2,6133.9,5911.8,5875,6033.8,5981.5,5803.9,6007.9,5813.2,5564.4,5367.2,5073.7,4575.8,4431.8,4040.7,3734.5,3692.9,3418.4,3196.6,3155.4,3129.1,3071.8,3222.4,3186,2990.8,2738.9,1948.2,1101.7
1085.8,1804.9,2999.2,4109.4,4619.8,5006.3,5928.9,7269.7,8767.1,9542.2,9486.4,8606,7548.9,7117.1,6820.2,7010.6,7079.6,7245.2,7684.1,7788.1,7348.6,6713.7,5998.8,5109.4,4569,4404.8,4108.2,4090.3,4502.5,4221.3,4130.9,4502.9,4607.9,4460.8,4634.8,4695.1,4635.8,4585.4,4502.9,4323.1,4279.7,4337.5,4271.2,4265.9,4226.6,4172.2,4022.4,3908.1,3767,3692.7,3716.4,3822.8,4083.1,4398.6,4922.8,5509,6424.5,7341,8004.2,8525.9,8656.3,8629.4,8514.7,8208.4,7669.6,7192,6825.3,6620.2,6508.2,6405,6197.4,6109.5,6121.6,6129.2,5935.7,5792.9,5941.9,6073.2,5859.1,5960,5739.3,5477.9,5287,5153.4,4702.6,4201.1,3848.1,3438,3458.6,3518.3,3470.1,3411.7,3394.5,3235.3,3214.8,3253.7,2840.1,2544.3,1951.6,1136.8
1038.6,1900.7,3168.5,4228,4755.2,5205.7,5875.9,7238.4,8700.2,9374.6,9613.7,8779.1,7911.2,7142.7,6878,6913.5,6929.9,7132.4,7478.7,7685.3,7250,6868.7,5926.2,5120.6,4609.3,4410.1,4068.8,4140.2,4287.6,4158.1,4293.1,4714.5,4572.9,4458.5,4633.6,4634.1,4628.8,4703.3,4664.6,4458.3,4497.4,4405.2,4361.3,4316.1,4322.7,4214.3,4123.8,4062.1,3948.6,3847.6,3811.8,3853.6,4022.5,4415.5,4880.5,5409.5,6137.7,7032.1,7865.8,8320.6,8579,8519.6,8452.8,8208.1,7749.5,7174.5,6743.4,6444.4,6449.7,6439.4,6226.2,5823.6,6077.2,6089.3,5879.3,5655.7,5887,5865.5,5689.8,5709.6,5574.3,5228.4,5086.6,4781.6,4186,4021.1,3616.6,3518.5,3579.5,3416.7,3397.8,3348.9,3247.7,3158.3,3256.9,3072.6,2907.1,2570.2,1820,1080.7
1047.9,1804.8,3051.7,4219.7,4669.9,5105.9,5924.8,7154.3,8559.2,9399.3,9773.9,9015.1,7919.6,7206.9,6691.7,6763.6,6838.1,7021.6,7241.8,7440.5,7200.8,6947,6126.2,5275.2,4676.5,4508.3,4158.4,4167,4467.5,4296.9,4297.6,4701.6,4705.1,4556.6,4715,4774.9,4798.2,4773,4790.1,4580.8,4537.2,4468.5,4392.1,4348.7,4382.3,4310.6,4157.1,4022.1,3941.6,3877.1,3848.8,3894,4037.3,4404.5,4889.9,5437.5,6166.2,6996.7,7828.9,8325.7,8641.2,8593.3,8493.9,8228.1,7796.1,7196.8,6692.3,6414.8,6385,6316.4,6198.2,5966.1,6154.6,6187.3,6015.1,5882.6,6029.1,5957.9,5765.5,5791.4,5661.9,5402.7,5223.2,4927.6,4296.9,3923.2,3309,3244.2,3420,3368.3,3486.6,3415.2,3273.8,3221.6,3284.2,3152.8,2955.9,2601.8,1836.4,1108.4
1087.3,1795.6,3020.8,4206.1,4757,5052.1,5992.4,7266.5,8679.9,9885,9573.7,8824.5,7775.1,7059.2,6753.1,6726.4,6774.7,6996.2,7531.9,7476,7275.6,6483,5770.2,4984.6,4528.8,4337,4068.5,3973.6,4278.1,4113.6,4105,4378.8,4459.2,4319,4410.1,4681.9,4624.6,4629.5,4638.1,4565.4,4386.2,4358.5,4263.5,4240.4,4253.4,4264.7,4200.9,4138.6,4020,3894.3,3899.9,3979.4,4216.4,4559.6,5006,5582.5,6420.9,7294.7,7918.4,8444.4,8679.5,8793.7,8566.1,8177,7729.8,7258.3,6892.3,6609.3,6338.6,6356.5,6430.3,6358,6139,6020.1,6023.6,5940.4,5544.9,5744,5788.2,5664.2,5663.8,5561.1,5287.5,5046.2,4869.6,4327,4006.4,3570.4,3424.3,3644.5,3594.3,3675.9,3566.3,3313,3295.8,3261.9,3124.5,2609.6,1958.1,1089.8
1038.1,2038.7,3366.8,4283.5,4897.1,5290.5,5966.1,7512.8,8976.2,9706.5,9791.2,8820.7,7764.3,6683.7,6433.8,6532.5,6650.9,6754.4,7017.1,7172.3,7112.8,6652.2,5672.5,4928.6,4574,4168.8,3967.3,4201,4083.1,3965.9,4253.3,4535.1,4383.9,4474.7,4564.6,4542.5,4533.8,4658.5,4525.4,4395.2,4387.8,4309.2,4218.1,4199.4,4247.6,4148,4060.6,3907.7,3820.8,3803.7,3782.2,3933.3,4154.9,4467,4862.1,5358.2,6175.4,7127.6,7880,8390.4,8571.5,8595.5,8457.2,8206.1,7629.2,6967.4,6594.5,6540.1,6552.2,6348.3,6062.8,5998.1,6106.5,5950.3,5694.6,5706.3,5724.4,5449.4,5719.8,5791.4,5554.5,5215.6,4988.5,4610.6,4445.2,4249.8,3906.1,3888.7,3611.9,3440.2,3486,3259.2,3104.1,3050.5,2994.5,2938.1,2925.5,2385.1,1741.8,1070.6
1079,2061,3301.3,4304.8,4955.6,5329.1,6117.1,7540,8766.5,9560.8,9530.7,8764,7831.1,6845.7,6726.8,6715.4,6807.8,6896.3,7079.3,7128.5,7161.4,6650.9,5749.9,4993,4723.2,4311.4,4084.3,4223.1,4151.4,4071.5,4416.6,4655,4446.3,4496.8,4585.5,4606.3,4634.4,4782.5,4623.9,4427.2,4339.8,4368.7,4301.6,4270.2,4242.5,4100.1,3944.5,3814.5,3757.3,3772.2,3825.3,3912.1,4126.7,4494.7,4936.3,5396.2,6198.5,7108.5,7861,8481.6,8609.7,8566.7,8409.9,8099.7,7609.8,7000.7,6614.6,6567,6499.3,6242.8,6104.1,6222.6,6148.7,5848.9,5685.8,5785,5780.5,5575.5,5794.5,5613.2,5547.7,5397,4996,4603.6,4458.5,4212.2,4025.4,4041,3702.4,3565,3473.4,3231.6,3128.3,3054.2,2926.6,2907.3,2900.7,2421.9,1875.7,1132.4
1052.9,2013.4,3320.1,4343.9,4852,5298.7,6107.9,7579.4,9104.2,9454.4,9533.3,8782.4,7921.7,7175.2,6877.8,6873.9,6906.9,7043.8,7437.1,7647.3,7192.9,6841.5,5828.4,5023.3,4504.5,4253.3,3994.1,4109.3,4388.2,4297.9,4372,4854.2,4769.2,4776.5,4904.9,4827.7,4745.4,4857.3,4891.5,4694.4,4609.8,4498.1,4427.6,4356.6,4414.1,4278.4,4182.8,4054.9,3963.5,3885.4,3858.7,3962.2,4132,4519.1,4939.7,5531.5,6267,7218.4,7997,8400.3,8608.3,8528.6,8363.6,8040.7,7546.2,7001,6577.5,6273.1,6343.9,6274.2,6178.9,5964.1,6186.3,6174.5,5859.8,5546,5708.8,5534.6,5396.9,5439.9,5312.5,4846.1,4786.1,4630.8,4278.8,4167.6,3800.1,3767.5,3743.5,3497.1,3360.2,3332.4,3219.7,3099.6,3120.6,3012.3,2986.1,2557.3,1801,1114
1028.3,2001.7,3278.4,4251.1,4981.2,5359.3,6051,7702.2,9147.9,9767.5,9785.6,8816.8,7827.3,6860.1,6583.1,6537.8,6742.9,6922.3,7158.3,7264.3,7248.3,6980.6,5916.7,5066,4607.1,4295.5,4020.5,4141.4,4230.2,4062.9,4301.9,4762.8,4525.9,4431,4603.1,4740.6,4693.6,4820,4734,4518.3,4454,4492.6,4416.5,4329.7,4393.2,4243.6,4144.9,4072.6,3993,3939.2,3867.8,3922.4,4148.1,4509.5,4857.7,5295.6,6065.5,6978.2,7706,8201.9,8427.3,8420.8,8391,8195.5,7669.4,7038.4,6826.3,6787.6,6585,6277.1,6174.7,6130.2,6054.2,5867.5,5936.6,5899.5,5760.8,5669,5855.4,5696.7,5471.1,5459.4,5099.2,4838.4,4657.9,4325.3,3937.6,3886.3,3660.8,3475.9,3556.8,3275.1,3042.2,2981.5,2934.5,2843.2,2837.7,2541.2,1876.1,1075.7
1118.2,2071.1,3256.9,4182.7,4853.2,5265.2,6096,7570.4,8874.4,9813.5,9639.2,8778.7,7839.9,6979.5,7038.9,7045.7,7020.3,7099.5,7492.7,7772,7647.5,6755.7,5911,5234.5,4565.2,4198.8,4271,4095.5,4080.6,4482.9,4421.7,4410,4648.1,4715.6,4548.7,4621.1,4672.4,4563.5,4397.4,4368.9,4160,4075.3,4114.3,4052.6,4021.3,4030.7,3954.5,3727,3585.9,3573.4,3555.9,3642.7,3914.8,4372,4737.4,5390.8,6437.8,7371.1,8121.5,8593.8,8979,8847.8,8639.5,8205.9,7527.7,6691.1,6345.9,6337.9,6246.8,6026.8,5968.2,6074.4,6073.4,5907.7,6039.4,6230.8,6219.8,6371.9,6485.4,6326.2,6007.9,5918.1,5660.4,5235.8,4921.4,4903.5,4532.5,4143.9,3863.9,3794.7,3460.4,3173.2,3005.4,3018.5,3020.5,2892.8,2676.2,2475.8,1839.4,1087.4
1086.8,1980.2,3243.9,4268,4800.8,5342.1,6197.2,7563.5,8948,9429.8,9551.5,8737.8,7872.1,7146,6923.1,7035.3,7027.1,7171.8,7511.9,7697.8,7244.6,6827.1,5845.7,5044.8,4619.2,4552.8,4148.7,4218.8,4379.2,4164,4267.3,4750.4,4626.1,4480.1,4610.1,4646.3,4646.5,4681,4621.3,4399.7,4337.5,4239.8,4199.1,4207.4,4222,4127,3948.2,3796.7,3702.7,3657.5,3669.6,3846.7,4141.4,4538,4961.3,5592.7,6492.3,7295.3,7955.8,8393.9,8672.8,8607.4,8500.3,8139.6,7594.4,7046.3,6690.4,6541.3,6457.7,6306.8,6087,5812.6,6085.9,6116.3,5872.5,5624.7,5818,5729.5,5668.4,5792.5,5601.2,5184.5,5056.6,4796.8,4362.1,4369.8,4028,3805.6,3707.9,3505.3,3453.3,3342.8,3151.9,2947.5,2932.3,2849.6,2767.2,2483.9,1847.9,1105.6
1085.4,1941,3256.9,4395.9,4745,5216.1,6174.8,7502.8,8863.9,9539.8,9794.8,8865.3,7846.1,7174.7,6808.6,6954.1,6979,7165.2,7566.9,7690.2,7210.6,6725,5917.2,5100.5,4566.8,4451.8,4059.1,4007.2,4317.6,4200.1,4217.9,4592.8,4635.3,4425.7,4554.2,4594.9,4580.6,4610.7,4584.6,4362.6,4315.7,4341.8,4293.8,4267,4204,4132.7,4073.1,4010,3864,3805.4,3749.7,3753.2,3981.3,4311.1,4785.6,5324.1,6271.2,7177.2,7896,8328.7,8506.4,8456.9,8376.1,8114.7,7657.9,7065,6581.9,6423.2,6394.1,6251.2,6031,5804.8,5888.6,5900,5649.8,5407,5618.4,5688.5,5527.3,5745.8,5576.8,5271.6,5030.8,4886.6,4519.1,4378.5,4134.6,3896.4,3942.9,3664.6,3490,3394.3,3168.2,2991.3,3012.5,2909.5,2726.1,2586.8,1861.6,1104.9
1026.5,1994.1,3226.8,4262,4887.5,5269.7,6100.9,7483.4,8682.1,9427.3,9425,8672.5,7880.2,7091.6,6878.6,6782.9,6955.2,7167.7,7348.9,7346,7185.8,6761.7,5729.7,4913.2,4544.9,4226.4,4004.4,4185,4109.3,3951.9,4214.2,4491.9,4326.2,4414.8,4556.3,4548.7,4525.6,4635.3,4544.8,4390.5,4324.8,4245.7,4216.8,4294.4,4330.7,4176.7,4100.7,3962.2,3836.1,3820,3825.1,3934.5,4118.3,4503.5,4874.7,5404.8,6245.3,7168.1,7858.1,8293.4,8455.7,8378.3,8265.3,8021.5,7513.5,6911.7,6629,6588.5,6540,6352.9,6135.7,6064.9,6085.4,5813.7,5531.2,5546,5718.4,5585.7,5695.4,5678.9,5430.7,5143.4,5013.4,4618.8,4410.7,4367.5,4034.1,4053.8,3866.4,3581.6,3445,3339.8,3183.5,3145.7,3155.6,2997.6,2974.2,2526.5,1852.8,1090.2
1041.8,1823.2,3112,4268.4,4732.6,5105.2,5943.5,7265.4,8859.1,9655.2,9774.4,8881.1,7792,7192.9,6770.6,6878.8,7000.5,7379.2,7763.7,7805.5,7373.7,6835.7,6059,5222.4,4653.4,4468.8,4133.7,4159.3,4553.7,4329.2,4336.1,4671.7,4721.5,4624,4836.9,4787.2,4761.5,4789,4747.2,4514.8,4423.1,4438.8,4354.6,4324.8,4420.2,4408.1,4215.3,4081.2,3943.9,3875.1,3831.2,3832.9,4097.6,4469.6,4937.8,5475.9,6243.3,7089.2,7795.4,8365.2,8776.7,8763.8,8539.9,8124.4,7548.4,7158.3,6770.9,6343.5,6188,6346.2,6300,6037.1,5903.1,6158.9,6121,5828.6,5835,6066.5,5893.7,5715.7,5625.3,5460.5,5002.7,4880.4,4425.9,4047.6,3761.1,3431.2,3435.1,3327,3244.5,3278.2,3194.1,3205,3330.1,3295.3,2938.6,2726.4,1920.3,1078.5
1073.6,1945.7,3268.1,4333.8,4748.2,5267.8,6224.5,7604.3,9022.2,9617.5,9772.3,8871.8,7771.4,7027.9,6551.8,6592.2,6710.9,7044.3,7303.5,7517.6,7212.2,6939,6043.5,5140.4,4583.7,4505.8,4140.4,4088.6,4327.6,4169.3,4179,4531.1,4536.4,4458.8,4626,4612.8,4560.6,4563.2,4524.6,4317.1,4275.3,4251.3,4194,4144.7,4120.7,4013.8,3870.1,3785.4,3754.3,3678,3639.8,3721.8,3949.6,4307.3,4725.2,5199.7,6031.4,6951.6,7789,8271,8510,8545.1,8579,8212,7660,7089.1,6609,6398.7,6387.3,6271.7,6041.4,5840.1,5930.3,5925.6,5750.5,5665.1,5823,5790.6,5641.8,5814.5,5535.5,5340.7,5192,4879.1,4593.4,4347.8,4082.7,3915.8,3836.7,3603.2,3650.3,3560.8,3278.7,3152,3096.2,3009.8,2922.3,2726.5,1877.2,1104.7
1069.1,2081.2,3355.6,4361.9,4981,5395.6,6289.4,7682.7,8908.5,9783.8,9603.1,8798,7828.1,6836.9,6659.6,6615.4,6722.1,6910.9,7226.4,7308.7,7381.7,6736,5744.7,4960.4,4686.1,4243.7,4027.3,4198.1,4194.1,4159.6,4477.7,4650.1,4519.7,4646.8,4680,4633.9,4618.5,4793.3,4641.2,4496.6,4467.5,4454.3,4363,4359.5,4290.6,4150.3,4068.3,3938.6,3827.3,3792.8,3775.6,3864.3,4142.3,4487.9,4784.9,5324.9,6194.2,7044.4,7715,8246.8,8405.1,8435.9,8395.6,8213.7,7521.7,6785.3,6636.8,6582,6488.4,6259.8,6056.8,6106,6010.6,5678.7,5575.7,5773,5759.4,5514.4,5825.4,5728.8,5472.7,5265.7,4996.3,4503.2,4416.6,4136.3,3814.1,3777,3548.3,3452.8,3462.1,3323.9,3089.2,3069.2,3036.2,3038.6,3002.5,2522.3,1856.9,1109.4
1035,2132.5,3594.4,4373.3,4930.1,5424.5,6230.7,7759.6,9119.1,9671.9,9673.8,8722.5,7741,6821.9,6612.3,6624.2,6730.4,6908.2,7264.1,7379,7169.2,6820.4,5890.9,5057.5,4619.4,4373.6,4086.1,4243.7,4294.9,4126.2,4305,4664.8,4548.9,4591.6,4681.5,4616.4,4563.6,4762.5,4665.9,4449,4385,4348.2,4300.2,4260.6,4313.7,4244.7,4208.2,4047.6,3886.8,3847.3,3835.7,3956.1,4181.3,4554.2,4905.5,5396.5,6238.1,7138.6,7900.6,8431.9,8604.9,8474,8337.7,8048.6,7504,6823.3,6478.1,6485.8,6418.9,6169.3,6105.6,6183.5,6284.5,6091.3,5800.3,5725.2,5635.7,5269.4,5500.3,5451.1,5241.2,5141.7,4947.3,4738.9,4585,4423.7,4139.7,4037.8,3836.9,3644.3,3648,3368.7,3341.1,3255.2,3045.9,2965.6,3039,2547,1822.2,1117.7
1061.9,1980.4,3206.8,4169.4,4826,5254.3,6069.3,7489.7,8714.4,9533,9481.7,8859.9,7864.3,6900.4,6887.4,6940.3,6948.9,7054.2,7469,7766.1,7584.5,6707.3,5849.2,5256.2,4627.3,4277.1,4345.1,4151.5,4098.5,4503.2,4392.4,4408.7,4603.9,4636.4,4512.7,4723.8,4751.5,4600.6,4480.7,4390.7,4196,4097.7,4169.1,4166.7,4251.1,4255.3,4186.1,3984,3793.5,3751.1,3830.7,3996.3,4127,4576.6,5067.1,5709.1,6522.3,7255.9,7978.1,8395.1,8657.5,8711.2,8567.4,8176.3,7749.4,7362,6973.1,6595.3,6394.5,6267.9,6355.7,6261.9,6206.5,6090.6,6172.4,5997.1,5939.8,5980.8,6050.3,5898.3,5869.7,5799.1,5468.8,5221.3,5053.2,4729.5,4368.2,4277.6,3881.9,3558.6,3403.9,3230.8,2928.8,2790.1,2821.2,2817.6,2775.3,2425,1890,1120.6
1085.1,2033.4,3364.6,4377.9,4739.8,5158.5,5978.5,7328.3,8810.1,9438.9,9606.3,8529.5,7552.6,7002.6,6793.6,6887.2,6919.1,7137.4,7523.2,7669.1,7140,6714.5,5746.7,4923.7,4502.3,4512.5,4136.3,4136.9,4338.4,4108.4,4121.6,4540.3,4554.6,4409.3,4548.7,4540.2,4492.5,4546.5,4501.7,4236.1,4142.1,4133.3,4104.8,4096,4157.1,4136.3,3990.7,3872.4,3797.4,3750.9,3729.4,3848.9,4096,4371.9,4666.3,5250.6,6254.1,7215,7936.2,8364.3,8519.6,8539.4,8479,8145,7588.2,7055.2,6624.3,6531.3,6497.9,6329.9,6067.3,5872.5,5937.9,5876.8,5636.1,5424.6,5609.4,5658.5,5509.7,5652.5,5462.1,5249.2,5056.8,4866,4541,4410.4,4212.7,3986,3990.4,3639.8,3456.1,3376.7,3238.5,3113.3,3150,3008.8,2766.8,2515.5,1873.7,1119.7
1071,2074.9,3417.5,4294.1,4811.4,5324.1,6199.8,7716.5,9173.2,9785.4,9729.4,8490.5,7371.4,6653.9,6712.8,6892.6,6836.4,6887.1,7448.6,7947.6,7254.7,6465.6,5745,5250.4,4532.5,4236.5,4352.2,4215,4199.5,4676.6,4559.7,4603.7,4845.8,4891.9,4698.7,4698.8,4750.6,4665.8,4497.1,4434.5,4251.9,4052.5,4040.1,4082.3,4056.7,4012.8,3991.3,3807.7,3603.4,3467.5,3477.9,3663.7,3848.2,4204.4,4788.8,5765.2,6754.4,7526.8,8109.3,8662.2,8934.2,8970.9,8718.8,8214.8,7388.7,6588.2,6457.5,6314.9,6106.1,5900.5,6098.2,6124.6,6065.2,5966.6,6085.7,6092.4,6205.6,6409,6471.1,6090,6007.8,5823.7,5341.6,5100.5,4741.4,4326.5,3977.1,3667.5,3293.2,3244.3,3189.4,3125.3,3299.1,3260.2,3370.1,3335.7,3013.5,2513.5,1898.3,1134.3
1040.5,1873.3,3162,4332.8,4677.5,5045.4,5957.8,7261.9,8682.1,9389.8,9482.1,8706.8,7686.1,7063.8,6646.6,6805.2,6881,7097.7,7523.2,7710,7169.9,6529.3,5779.8,5027.3,4513.5,4420,4081.7,3981.1,4249.5,4163,4217.4,4600.5,4625.2,4419.3,4549.7,4629.1,4630.5,4606.8,4576.3,4370.8,4265.5,4259.4,4218,4178.7,4162.8,4105.6,3969,3849.6,3782.5,3727.8,3744.4,3804.2,3998.3,4306.2,4801.5,5374.1,6260.1,7145.8,7914.4,8420.1,8662.8,8661.2,8598.5,8257.7,7726.8,7092,6551.9,6382.8,6450.6,6357.8,6139.2,5923.5,5981.3,5980.3,5774.1,5610.5,5843.3,5938.5,5742.6,5919,5703.4,5414.4,5163.2,4877,4416.7,4204.8,3879.2,3614.7,3697,3516.2,3416.7,3347.8,3131.9,3001.6,3127.8,3017.8,2737.2,2564.9,1870.5,1104.2
1078,1991.7,3394,4403,4758.5,5210.7,6082.1,7496.9,9007,9501.3,9610.6,8578.3,7555.4,6963.2,6686.7,6765.9,6876.9,7174.6,7552,7837.6,7330.7,6932.1,5949.9,5129.8,4594.7,4474.5,4072.7,4165.3,4501,4255.2,4222.7,4643.7,4630,4605,4830,4804.1,4783.4,4800,4750,4476.6,4325.2,4300.1,4238.1,4134.2,4180.6,4138.1,4046.2,3921.4,3826.4,3769.9,3738.7,3804.2,3993.4,4423.8,4944.2,5478.3,6125.8,7024.6,7808.9,8292.1,8602.3,8498.5,8383.9,8214.2,7743,7078.1,6580.2,6330.5,6462,6398.7,6195.2,5837.6,6128,6124.7,5945.8,5760.5,5981.8,5933.7,5866.4,5983.5,5751.1,5448.2,5127.7,4623.4,4055.8,3920.4,3659.5,3636.9,3699.9,3504.6,3557.5,3310.1,3084.5,3048.9,3105,2972.6,2817.3,2487.9,1818.5,1105.4
1092.7,2160.4,3588,4451,4816.4,5332.2,6198.1,7640.3,9136.7,9555.3,9567.4,8448.1,7457.1,6832.6,6628.7,6702.8,6831.1,7116.8,7544,7677.6,7123.4,6692.2,5796.6,4977.6,4519.5,4524.1,4108.9,4133.4,4342.8,4170.4,4251,4736.7,4636.3,4483.3,4576.8,4686.9,4629.2,4654.9,4644.6,4437.9,4383,4419.2,4420.3,4290,4287.9,4158.5,4018.9,3865.5,3759.1,3761.2,3805.5,3895.4,4046.7,4505.9,4985.5,5491.2,6120.2,7063.3,7923.5,8429.4,8687.1,8608.7,8483.9,8164.5,7627.5,7027.1,6562.6,6333.6,6411.5,6342.9,6132.3,5813.8,6066.8,6085.4,5842.7,5703.2,5873.5,5765.2,5711.3,5814.9,5588.2,5287.3,5077.7,4735.4,4290.4,4197,3947,3818.3,3748.7,3473.7,3488.4,3320.8,3173.3,3111.8,3100.5,2974.1,2903.1,2614.9,1854.6,1122.6
1108,1749.3,3028.1,4245.7,4720.2,4843,5952.2,7408.6,8663.2,9655.8,9312.3,8468.2,7421.1,6863.7,6741.3,6708.7,6658.8,6938.7,7568.3,7467.9,7219.5,6366.8,5758.3,4947.5,4447.5,4251.8,4017.9,3902,4208.1,4181.8,4152.4,4344.8,4600.2,4485.7,4477.8,4670.1,4673.3,4582.5,4524.5,4378.1,4163.5,4153,4196.2,4188.1,4095.8,4106.8,3981.4,3744.8,3541.4,3558.6,3688.4,3776.2,4035,4370.1,5071.8,5845.3,6714.7,7509.9,8319.7,8896,9012.7,8861.1,8412.3,7775,7032.3,6683.1,6395.6,6184.4,5906.9,5969,6115.5,6074.6,5798,5757.5,5747.4,5709.9,5506.7,5866.8,5767.2,5640.4,5641.6,5420.6,5012.6,4852.3,4647.2,4285.6,4249.1,3966.4,3800.5,3812.3,3553.6,3484.5,3318.8,3110.1,2998.9,3023.5,2733,2429.8,1943.7,1141.6
1095.1,2017.7,3357.7,4482.7,4767.9,5139.2,6039.3,7303.2,8600,9323.5,9596.5,8631.5,7558,7066,6741.3,6843.8,6919,7155,7562.7,7708,7195.1,6624.5,5913.2,5124.9,4544,4466.8,4167.9,4048.5,4340.5,4321.3,4267.7,4573.9,4835.1,4645.3,4723.2,4863.4,4857.3,4719.1,4738.7,4552.5,4422.6,4382.2,4369.1,4303.6,4268.3,4265.1,4148.3,3988.8,3777.1,3736.3,3787.9,3844.8,3990,4355.5,4856.2,5401.6,6188.9,7005.5,7704.2,8264,8636.5,8674.8,8486,8169.3,7692.7,7170,6647.4,6269.8,6146.6,6285.5,6163.2,5911.4,5827.7,6122.2,6020.2,5682.6,5652,5858.4,5619.7,5744.5,5679.8,5397.3,5152.8,4841,4417.2,4041.2,3859.8,3680.2,3734.6,3652.1,3529.1,3693.1,3304.5,3206.8,3174.1,3025.8,2808.9,2599.9,1960.7,1130.3
1064,2089.3,3446.6,4446.1,4838.4,5247.5,6006.9,7336.8,8774.2,9265.3,9311.7,8325.2,7417.4,6850.9,6652.7,6786,6860.8,7170.6,7622.2,7823.1,7172.3,6692.8,5746.6,4923.9,4460.5,4411.1,4020.8,4062.8,4335.7,4181.5,4195.1,4563.9,4548.3,4458.4,4663,4635.1,4547,4543,4477.6,4228.3,4183.2,4200,4125,4047.4,4141.1,4089.7,3969.6,3877.9,3759.8,3664.4,3618.9,3711.3,4026.3,4411.4,4808.5,5289.5,6242.3,7157.8,7940.1,8392.2,8595.8,8483.7,8393.3,8114.7,7667.2,7068.1,6567.9,6254.9,6303.2,6320.3,6134.2,5842.7,5926.8,6070.2,5843.1,5431.7,5558.7,5726.3,5591.1,5491.5,5463.1,5124.3,4646.6,4639.3,4230,4063.5,3847.1,3625.5,3624.3,3520.5,3330.4,3164.1,3167.9,3001.5,2943.8,2842.9,2700.5,2580.9,1872.3,1121.6
1096.2,1967.4,3290.6,4593.7,4737.2,5021.3,6204.1,7750.3,9109.8,9873.9,9529.6,8671.2,7363,6686.3,6316,6348.4,6422.1,6962.7,7360.8,7426.1,7105.9,6461.8,5816.4,5094.5,4510.3,4375,4190.5,3991.4,4248.6,4407.2,4270.5,4445.8,4855.6,4676.3,4759.3,4937.1,4921.5,4789.5,4886.1,4689.4,4442.1,4341.5,4335.5,4251.4,4098,4102.3,4103,3949,3763,3721.3,3761.8,3828.7,4008.5,4361.6,4875.6,5404.4,6211,7125,7865.6,8384.3,8630.8,8624.1,8402.1,8156.8,7724.6,7249.8,6785.9,6458.7,6375.2,6411.4,6231.1,6220.9,6296.3,6226.7,5870.6,5747.8,5826.5,5787.8,5648.6,5790.6,5720,5493.3,5498.5,5012.9,4762.4,4587.2,4209.3,4056,3971.9,3679.2,3470.5,3502.6,3134.1,3031.9,3109.6,3042.2,2776.5,2544.7,1950.2,1141.2
1071.3,2017.1,3261.7,4248,4974.7,5206.3,5865.8,7379.1,8700.9,9528.3,9450.6,8668.4,7742.8,6832.4,6966.9,7119.9,7062.2,7130.3,7526.2,7733.1,7525.8,6703.9,5895.6,5235.9,4602.7,4187.4,4283.3,4326.5,4101.1,4390.6,4642,4624.9,4672.7,4912.6,4682.4,4642.5,4789.3,4764.5,4545.4,4496.6,4340.2,4129.2,4121.1,4172.2,4225.3,4134.4,4043.7,3922.6,3815.4,3698.1,3663.3,3858.7,4096.1,4440.3,4849.1,5503.5,6340,7167.8,7920.7,8407.7,8694.5,8684.5,8544.4,8208.4,7763.8,7277.6,6889.4,6507.7,6272.8,6247,6241,6073.6,5997.7,6012.7,6035.1,5674.9,5583,5754.5,5755.7,5621.9,5695.6,5555.5,5264.3,5181.3,4862.2,4575.4,4345.6,4033.3,3723.3,3682,3593.8,3334.1,3238.5,3028.5,2815.9,2780.7,2779.7,2354.1,1806.8,1098.6
1087.2,2037.1,3409.7,4508.9,4759.1,5220.9,6229.2,7565.4,8964,9505.3,9492.9,8514.1,7457.9,7025.3,6733.5,6772.2,6837.5,7164.2,7643.5,7800,7156.3,6544.6,5792.2,5039.5,4560.1,4565.7,4174.2,4029.3,4308.5,4253.3,4271.6,4643.8,4727.7,4524.5,4606.4,4662,4674.1,4671.6,4692.8,4467.4,4330.5,4327.3,4249.7,4116.6,4116.2,4132.8,4000.2,3838.9,3811.7,3791.3,3808.8,3847.2,4050.6,4436.1,4882.3,5362.6,6157,7084.5,7861,8416.3,8742.6,8639.8,8358.7,8140.9,7752,7187.1,6673.5,6363.3,6253.9,6271.9,6154.3,5924.6,5833.5,6084.3,5947.2,5541.6,5548.4,5896.4,5806.3,5639.2,5571.7,5314.8,4791.8,4789.5,4296.5,4024.7,3958.9,3689.5,3590.4,3491.7,3302.8,3097.5,3094.1,2991.9,2949.8,2873,2663.3,2451.2,1817,1093.4
1047.7,2043.2,3418.4,4377.5,4800.7,5194.7,5878.2,7375.6,8834.1,9427,9484.5,8603.2,7752.1,7058.5,6893,6917,6932.4,7133.9,7595.7,7685.1,7135,6707,5790.7,5011.7,4559.4,4466.3,4032.3,4090.1,4359.9,4198.9,4235,4695,4615.5,4484.7,4564.2,4697.9,4693.2,4672.6,4633.4,4418.7,4258.5,4303.2,4339.1,4252.2,4293.3,4158.2,4005.4,3883.2,3815.1,3764.5,3715.3,3684.2,3773.5,4354,4849.5,5323.2,5993.7,6999.1,7882.4,8414.4,8686,8520.8,8370.1,8049.8,7518.2,6805.1,6304.4,6305,6283.4,6116.4,5939.1,5962.7,6034,5823.9,5676.1,5851.3,5867,5710.2,5905.4,5840.9,5445.5,5357.8,5033.7,4737.4,4535,4275.6,3866.3,3874.3,3797.2,3502.4,3427.9,3221.3,3035,3000.1,3008.4,2872.9,2750.1,2430.4,1805.5,1101
1095.4,2101.8,3505.4,4493.9,4856.4,5278,5985.8,7402.1,8927.6,9465.5,9528.7,8551.2,7624.2,6934.1,6779.2,6905.9,6915.6,7074.8,7618.6,7800.5,7212.7,6820.2,5861.6,5028.2,4550.1,4516.5,4079.2,4081.2,4348.8,4219.2,4273.1,4757.2,4684.3,4520.2,4621,4670.4,4630.6,4674.5,4645.1,4398.6,4350.9,4360.9,4337.4,4220.9,4220.4,4195,4109.7,3939.1,3838.2,3825.2,3839.6,3841.3,4019,4461.1,4894.9,5411.6,6145.6,7098.6,7906.1,8336.4,8554.6,8433.5,8340.4,8045.1,7538.6,7000.3,6559,6307.5,6339.8,6200.5,5969.7,5697.3,5982.5,5977.1,5705.7,5521.1,5809.5,5743.8,5607.7,5717.9,5533.9,5116.1,4917.4,4674.5,4231.5,4238.2,3941.3,3714.3,3699.8,3528.8,3344.9,3260,3110.6,2915.6,2992.1,2908.9,2766.3,2474.7,1816.2,1095.3
1077.8,2163.1,3622.8,4462,4809.4,5334.8,6243.1,7736.6,9265.2,9546.6,9459.4,8351.7,7307.8,6646.9,6386.1,6462,6609.4,6818.5,7232.8,7502.1,7014.3,6640.1,5744.3,5031.3,4630.9,4635.7,4092.8,4071.4,4355.1,4217.2,4268.2,4764.6,4649.9,4506.6,4607.5,4779.7,4815.4,4922.4,4935,4612.3,4496.7,4494.4,4459.5,4299,4332,4225.6,4096.8,3977.1,3922.8,3865.5,3793.7,3813.1,4052.1,4473.5,4817.3,5348.6,6165.2,7074.6,7923.8,8394.9,8597.9,8448.5,8377.8,8121.5,7596.2,6913.5,6411.4,6310.2,6353.8,6225.9,5969.7,5774.2,5943.2,5924,5703.9,5597.9,5739.5,5655.6,5515.5,5631,5419.6,5116.5,4933.2,4638.4,4143.9,4128.5,3770.5,3646.3,3757.6,3499.5,3326.8,3270.3,3173.1,3055.3,3105.9,2958,2797.3,2588.7,1826,1069.6
1126.7,2304,3721.2,4484.1,4948.9,5345.5,6251.5,7663.9,8787.8,9507.3,9242.4,8434.6,7613.8,6847.4,6681.5,6650.7,6905.2,7304.9,7654.8,7497.9,7204.1,6586.3,5716.8,4929.5,4565.2,4275.8,4064.5,4222.2,4245,4037.6,4259.7,4570.1,4420.8,4423.5,4560.1,4610.8,4602.3,4746.4,4573.9,4398.1,4351.6,4318.7,4222.6,4116.6,4113.4,4054.8,3959.1,3798.1,3684.7,3652.8,3626.4,3763.3,4075.2,4498.7,4832.9,5319.8,6209,7109.5,7814.1,8333,8451.2,8402.2,8399.1,8228.9,7641.9,6982.2,6571.2,6518.3,6494.3,6232.1,6090.8,6130.1,6084.9,5813.8,5632.3,5754.1,5739.9,5530.8,5762.1,5709.8,5550.2,5392,5033.9,4735.8,4551.6,4271.8,3940,3891.7,3621.8,3488.9,3536.7,3260.3,3078.7,2982.8,2855.7,2784.9,2794.7,2374.2,1750.1,1076.8
1099.5,1958.8,3135.3,4258.9,4810.1,5002.3,5790.9,7202.2,8424.5,9391.5,9258.7,8697.9,7645.8,6834.3,6884,6945.1,6922.1,7106.6,7619.5,7819.7,7547.6,6618.8,5829.5,5141.6,4497.9,4166.4,4389.1,4118.7,4011,4333.2,4299,4292,4539.4,4599.2,4412.1,4550.3,4598.8,4493.1,4359.5,4318.3,4115.1,4056.2,4105,4075,4100.6,4088.4,3976.9,3807.8,3697.3,3656,3647.6,3692.9,3870.4,4362.8,4817.8,5366,6189.8,7058.9,7859.2,8334.3,8588.1,8603.1,8595.9,8262.3,7731.8,7093.7,6606.9,6484.1,6431.3,6262.8,6130.3,6133.2,6145.5,5976.2,5763.5,5713.7,5903.9,5933.7,5876.4,5971.3,5825.1,5572.4,5457.1,5384.2,4962.9,4763.7,4595.1,4245,3935.6,3893.3,3703.6,3364.4,3098.8,2948,2858.1,2737.6,2570.4,2404,1842.9,1131.2
1061.9,1846.5,3062.1,4210.6,4818.5,4998.1,5891.5,7339,8609.9,9610.1,9314.3,8451.7,7448.6,6742.5,6736,6695.5,6649.9,6919.6,7616.9,7557.7,7233.6,6392.9,5691,4941.5,4433,4223.5,4191.6,3982.8,4178.3,4427,4305.7,4360.5,4735.1,4733,4554.2,4637.8,4774.2,4739.8,4444.5,4301.5,4155,4013.9,4092.4,4210.1,4104.3,4008.1,3924.6,3735.2,3484.4,3404.8,3471.4,3562.9,3770.2,4162.9,4785.4,5591.8,6487.3,7280.7,8102.1,8753.9,8839.7,8760.4,8212.7,7680,7216.1,6687.2,6354.8,6042.6,5989.4,6114.5,6014.2,5827.5,5930,6067.2,5841.3,5496.1,5913.7,6018.8,5766.3,5669,5722.6,5219.2,5196.5,4881.6,4637.8,4653.6,4251.8,4098.9,3978.6,3682.6,3429.2,3354.5,3184,2910.2,2806.7,2865.2,2723.7,2326.9,1822.9,1120.8
1107.1,2197.6,3491.2,4451.3,4968.7,5214.9,6189.1,7784.7,8997.6,9806.8,9285.2,8188,7221.7,6549.5,6760.4,6826.3,6763.2,7007.2,7640.9,7621.4,7169.6,6311.8,5633.3,4889.7,4353.2,4177.8,4255,3987.4,4020.2,4293,4274.4,4320.9,4688.8,4717.7,4504.8,4616.9,4735.3,4731.4,4568.6,4507.9,4305.3,4162.4,4204.9,4265.5,4153.8,4065.7,4020.5,3908.1,3694.5,3578.7,3698.5,3879.9,4127.4,4414.4,4903.9,5579.6,6501.2,7322.3,7785.2,8207.2,8456.7,8530.3,8372.7,7917.5,7202.1,6801.5,6629.6,6411.9,6156.8,6196.8,6392.8,6252.4,5954.1,5703.5,5645.4,5394.8,4957.3,5250.3,5338.7,5157.7,5245.6,5003.6,4861.6,4804,4677.6,4561.5,4359.1,4200.7,3917.7,3760.2,3442.8,3315.2,3135,2927.8,2922.6,2916.5,2689.9,2295.1,1845.2,1072.3
1046.3,1711.2,3011,4287.3,4748.3,4999.1,5803.4,7021.5,8479.7,9466.6,9458.9,8687.3,7503.1,6985.4,6691.8,6786,6816.1,7052.3,7613.2,7717,7362.6,6541.5,5906.7,5109.8,4532.7,4354,4263.9,3972.7,4047.7,4244.4,4309,4472.6,4810.8,4636.6,4547.2,4688.8,4733.8,4658.8,4647.8,4547.7,4364.5,4344,4349.4,4289.5,4173.2,4208.9,4122.8,3960.5,3770.1,3703.8,3767.6,3855.1,4086.6,4362.6,4801.3,5354.6,6187.4,7036.8,7645.1,8221.5,8659.6,8790.8,8457.7,7979.6,7649.6,7280.7,6896.4,6453.9,5928.5,6253.6,6322.3,6133.4,5704.5,6121.6,6171.2,5917.3,5738.7,6008.8,5933.5,5782.5,5744.2,5358.8,5064,4757,4428.7,4096.7,3787.6,3542.6,3438.4,3303.7,3079.4,3067.6,3022.7,3094.8,3238.7,3038.7,2848.7,2456.7,1857.8,1123.8
1049.6,1719.6,3075,4372.5,4669.6,4788.7,5841.4,7181.7,8504.5,9450.2,9438.1,8761.5,7679.6,7096.1,6746.5,6719.8,6690,7083.2,7672.8,7550,7166.5,6349.2,5662.3,4948.6,4417.9,4292.8,4145.3,3961.5,4267.6,4276.7,4247.3,4441.3,4700.9,4521,4472.5,4630.7,4703.5,4634,4572.2,4446.2,4387.2,4452.4,4334.4,4256.9,4263,4329.4,4155.5,3984.8,3808,3734.5,3819,3895.1,4075.9,4378.2,4938.6,5549.2,6380.9,7169.2,7757.5,8279.5,8603.8,8652.8,8427.2,8006.5,7625.5,7274.4,6856,6454.1,6037.6,6209.1,6235,6065.3,5734.6,6031.6,6069.6,5816.3,5521.7,5919.2,5809.4,5776.7,5771.9,5447.9,5087.5,4822.8,4358.2,3826.5,3629,3449.4,3574.3,3604.6,3364.5,3472.8,3203.3,3053.3,3083.8,3021.3,2785,2460.3,1842,1081.6
1107.6,2051.8,3292.9,4337.8,4935.3,5084.4,5973.5,7451.5,8627.9,9482.6,9270.9,8616.6,7560.2,6766.1,6818.2,6841.6,6850.1,7042.3,7602.6,7772.8,7383.8,6499.1,5779.9,5043.1,4441.8,4215.3,4265.1,4012.4,4096.2,4366.7,4244.2,4266.7,4451,4436.5,4338,4539.2,4592.3,4423.9,4301.8,4373.8,4187.4,4131.5,4178.3,4134,4063.9,4036.9,3928.2,3797.5,3718.1,3662.2,3696.9,3846.8,4054.5,4405.9,4918.4,5615.7,6488.8,7362.4,7926.5,8417.3,8661.2,8761.2,8586.7,8205.9,7559.8,7026.2,6883.9,6667.8,6384,6175.1,6193.3,6276.4,6179.5,5928.4,5883.2,5979.8,5745.6,5601.8,5912.1,5833.3,5714.9,5634.1,5370,4848.6,4637.7,4039.3,3609.3,3486.9,3377.9,3556.9,3480.6,3354.5,3381.7,3158.5,3129.7,3143.8,2897.2,2313.4,1828.7,1077.4
1088.3,1944.5,3174.5,4351.5,4903.1,5009.5,5983.9,7468.9,8660.1,9612.5,9277.9,8521,7362.7,6791.7,6763.2,6797.3,6802.8,7032.7,7675.8,7850.6,7564.6,6459.5,5665.2,4945.4,4464.5,4278.7,4265,3996.2,4081,4169.8,4124.8,4213.3,4477.2,4414.9,4316.6,4467.9,4476.8,4424.9,4408.4,4245,4031.4,4128.8,4137.3,4061.5,3993.4,4031.4,3897.7,3654.8,3523.2,3627.8,3720.2,3795.7,3959.5,4347.9,4877.6,5473.6,6304.3,7086.8,7768.5,8411.6,8587.3,8628.9,8475,8047.8,7456.3,7068.7,6754.7,6428.4,6103.1,6149.8,6342.7,6280.4,6096.2,5931.8,5935.3,5728.6,5303.9,5475,5468.8,5297,5319.5,5077.9,4795.3,4605.4,4416.8,4074.3,3972.6,3787.2,3642.1,3725.4,3467.1,3382.6,3265.5,3064.3,2926.5,2960.9,2721,2364.3,1930.7,1107.9
1073.1,1956.2,3327.5,4446.8,4776.1,5114.8,6035.7,7364.8,8826,9490.1,9460.3,8540.1,7438.7,6909.9,6555.2,6642.6,6706.4,7058,7488.1,7590.3,7085.2,6465.4,5761.8,4984,4434.3,4395,4094.4,4018.1,4354.7,4212.1,4129,4429.3,4605.1,4425.6,4494.7,4667.8,4678.6,4551.5,4579.6,4420,4290,4295.7,4327.3,4238.5,4194.1,4184.4,4031.6,3846.2,3636.7,3612.9,3684.9,3748,3918.3,4275.4,4751,5321.7,6221.2,7115.6,7784.8,8283,8554.5,8495.6,8203.8,8016.5,7659.6,7137,6612.8,6221,6188.5,6228.7,6017.1,5788.2,5806.2,5994.8,5760.3,5444.7,5571,5729.7,5473.6,5587.2,5410.7,5196.3,5052.3,4697.3,4391.4,4245.9,4089.8,3836,3832.4,3627.1,3373.3,3318.2,3080.6,2900.3,2937.1,2911.3,2650.2,2447.5,1861.2,1138.7
1129.3,2039.9,3264.1,4347.3,4910.5,5011.1,5896.8,7429,8656.9,9606.4,9306.2,8605.1,7573.5,6795.5,6760.2,6849.9,6962.8,7168.8,7604.1,7831.6,7637,6549.7,5718.5,5086.4,4503,4174.6,4398,4081.8,4024.9,4371.4,4345.6,4360.6,4578.4,4565.6,4381.5,4535.4,4573.3,4430.5,4317.7,4346.9,4134.4,4064.5,4116.3,4114.3,4166.8,4128,3965,3772.7,3704.9,3648.5,3616.9,3733.4,3910.7,4393.4,4834.5,5425.3,6189.2,7079.1,7892.6,8385.7,8608.4,8481.8,8373.9,8163.2,7639,6906.2,6450.7,6205.7,6395.3,6363.1,6166.7,5902.4,6230.8,6302,6088.1,5810.5,6000.3,5973.8,5858.1,5728.4,5921.3,5690.7,5288.5,5096.8,4768.7,4310,3961.7,3754.8,3485,3372,3284.9,3193.3,3007.6,2969.4,2952,2875,2632.8,2389.2,1768.3,1095.4
1077.5,1872.2,3114.6,4337,4846.1,4893,5794.3,7232.5,8561.8,9703,9379.5,8572.1,7483.3,6821.5,6691.5,6665.4,6655.4,6957.5,7604.4,7826.9,7619.3,6549,5734,5013.8,4458.2,4212.4,4332.8,4027.4,4103,4351.8,4281.8,4349.8,4635.9,4616.3,4564.1,4752.1,4712.9,4611.9,4545.3,4476.6,4235.6,4211.3,4233,4213.2,4177.3,4153.4,4045.4,3855.2,3656.4,3615.6,3626.3,3692.1,3910.7,4404.8,4829.4,5297.4,5973.9,7017.4,7875.6,8442.4,8620.4,8584.6,8476,8273.9,7801.3,7262.7,6771.4,6380.2,6499.5,6465.3,6193.8,5952.4,6118.6,6158.8,5876,5594.8,5854.2,5932,5783.6,5601.5,5761.1,5408.2,5199.8,5109.3,4722.9,4291.6,4035.8,3644.5,3349.8,3354,3217.7,3062.2,2987.5,3037,2991.1,2948.3,2763.4,2332.5,1723.3,1084.1
1058,2208.7,3641.7,4459.8,4987.7,5288.7,6107.7,7635.4,8986.7,9660.9,9395.5,8209.6,7242.3,6441.6,6675.4,6849.7,6899.3,7114.8,7658.5,7891.4,7544.3,6680,5821.4,5162.9,4552.1,4192.3,4285.3,4277,4118.8,4460.8,4677.9,4679.3,4756.7,4940.3,4754.1,4781,4867.2,4750.6,4501.5,4381.6,4188.5,4113.1,4199.8,4152.3,4108.5,4045,3974.8,3738.2,3488.2,3486.4,3569,3655.6,3620.2,4204.2,4809.8,5537.6,6288.1,7339.2,8342.7,8863.2,9102.8,8791.4,8365.2,7986.8,7370.5,6566.2,6096.1,5815.7,5947.4,6092.4,6018.1,5822.3,6085.7,6323.8,6223.9,6062.5,6295.8,6477.6,6282.6,6100.1,6060.4,5744.8,5388.4,5377.6,4959.7,4628.4,4458.1,4225,3797.4,3587.1,3360.9,3069.3,2944.9,2975.5,2881.8,2758,2579,2325.2,1730.4,1067.9
1106.2,1809.1,3130.4,4399.1,4681,4628,5657.8,7001.2,8357.3,9347.3,9415.4,8733.1,7375.1,6849.9,6795.7,6944.2,7065,7274.9,7773.3,7902.4,7483.8,6480.1,5776.8,5029.7,4509.5,4287.9,4267.4,4004.1,4139.5,4252.4,4212.8,4338.1,4594.7,4494.2,4493.3,4710.9,4712.9,4601.8,4493.6,4400.9,4214.8,4222.5,4253,4219.7,4136.4,4199.9,4111.8,3883.1,3641.5,3622.5,3678.7,3720.1,3844.7,4234.4,4755.7,5357.5,6141.4,7019.8,7876.9,8473.7,8689.7,8758,8383.9,8032.4,7585.2,7109.5,6731.7,6345,6083.6,6159.8,6088.6,5896.7,5736.8,5912.5,5818.7,5530.3,5544.8,5810.7,5729.1,5526,5549.8,5155.8,4915.3,4752.4,4523.1,4230.8,4018.7,3717,3565.5,3512.3,3264.9,3139.5,3037.7,2904.1,2847.6,2826.9,2654.5,2315.4,1856.4,1138.7
1073.6,1875.1,3084.3,4214.2,4826.7,4967.1,5701,7093.3,8350.9,9361.1,9270.9,8682.9,7666,6882.9,6887.6,6972.3,7071.3,7284.7,7794.6,7975.9,7511.2,6477.8,5685.6,5005.2,4418.4,4176.1,4307.2,4010.9,4000.5,4301.9,4265.1,4319.9,4567.7,4581.3,4455.4,4628.1,4619.4,4522,4445.4,4421.1,4250.4,4196.8,4255.5,4244.6,4183.5,4081.6,3990.9,3819,3574.3,3626.8,3717.7,3857,4009.1,4426.1,4947.4,5604.5,6396.7,7166.5,7775.7,8369.6,8613.1,8744.1,8577.6,8189.4,7574.5,7084.2,6830.8,6551.1,6245.9,6067.4,6065.9,6074.4,5932.1,5737.6,5765.1,5799.3,5531.1,5471,5847.4,5724.6,5490.3,5379.9,5128,4641.9,4568.6,4140.6,3931.7,3869.7,3580.9,3430,3325.6,3207.2,3075,2923.7,2800.8,2857.4,2728.2,2256.3,1842.1,1109
1089.7,1906,3284.7,4634.7,4895.6,4985.4,6004.3,7357.9,8669.6,9431.7,9081.6,8312,7389.7,6889.1,6533.2,6679.8,6776.8,7213.9,7785.5,7593,7051,6309.2,5661.6,4858.3,4369.7,4357.5,4146.1,3956,4222.8,4152,4170.3,4336.8,4360.6,4167.4,4269.9,4465.5,4416.5,4257.1,4331.5,4174.3,4075.9,4197.3,4123.3,3990.3,3983.4,4029.2,3914.8,3715.8,3638.7,3641.3,3653.6,3542.4,3864.6,4310.8,4850.2,5355.2,6139.8,7121.7,7886.2,8431.1,8633.4,8582,8282.1,8003.2,7597.4,7105.4,6523.6,6193.7,6054.4,6243.3,6060.8,5653.7,5266.9,5748.1,5732.3,5448.1,5340,5821.8,5658.4,5628.9,5719.8,5364.3,5058,4830,4576.6,4308.3,4081.6,3768,3707,3575.1,3327.7,3388.6,3095.6,2918.9,2870.6,2822.1,2569.4,2291.1,1768.7,1082.8
1087.8,1692.1,2823.1,3898.2,4566.5,5277.4,6002.3,7201.7,8430.9,9229.3,9485.7,8472.7,7123.2,6198.6,5443.8,5202.5,5272.3,5721.1,6275.8,6524.7,6104.5,5465,4914.9,4219.3,4019.4,3676.4,3423.5,3366.5,3225.3,3089.9,3201.6,3177.4,3143.9,3050.9,2935.8,3072.3,2832.9,3096.4,3038.2,3075.9,3245.7,3119.6,3277.1,3333.9,3358.6,3401.2,3396.1,3393,3348.3,3490.5,3625.9,3701.3,3868.9,4246.6,4776.6,5346.6,5544.5,5774.8,6002.6,5976.2,6087,5918.2,5777.9,5541.5,5118.5,4601,4012,4060,3829.1,3637.9,3796.4,3702.5,3987.6,3934.4,4084.1,4214.2,4199.8,4219.9,4097.6,3809.4,3802.5,3699.2,3420.4,3612.5,3302.2,3328.2,3375.1,3285.9,3166.7,3134.7,2950.5,2911.5,3025.7,3040.1,2889.6,2842.4,2805.9,2452.4,1816.1,1137.9
1035.2,1944.2,3107.3,4247.3,4885.8,5490.4,6554.7,7628.5,8669.2,9357.8,9265.8,8306.8,7078,6043.8,5437,5216.6,5314,5901.3,6390.8,6324.1,5864.6,5468.5,4602.5,4102,3878.7,3429.8,3250.1,3226.2,3182.2,3147.5,3089.5,2979.9,3044.7,2859.2,3022.5,2998.7,2885.8,3020,2742.9,2999.1,2905.4,2999.3,3172.6,3093.8,3267,3227.4,3234.4,3229.4,3275.2,3420,3447.4,3585.1,3905.4,4350.4,4790.6,5210.1,5479.2,5927.2,6003.2,6070.5,6173.9,5964.8,5815.1,5567.8,5177.7,4625.8,4264.5,4153.8,3996.2,3977.3,3900.7,3902.1,4088.7,4265.5,4167.3,4302.4,4328.8,4312,4300,4083.9,4126.7,3922.8,3799.6,3771.8,3698.5,3721.5,3768.1,3746.4,3607.7,3460,3333.3,3216.3,3159.5,3058.2,2978.6,2911.1,2756,2341.3,1797.7,1143.3
1060.5,1716,2706.7,3710,4308.9,5092.5,5975.3,7298.7,8575.3,9300.2,9257.8,8454.1,7155.7,6216.3,5623.3,5338.9,5401.8,5761.1,6306,6395.5,6450.7,5426.3,5001,4411,3848.7,3670.9,3332,3053.2,3063.8,3101.6,3125.9,3129.8,3001.9,3073.5,2894.4,2921.4,2936.4,2811.9,3056.9,2905.5,3116.8,3106.1,3107.1,3284.1,3328,3307.6,3205.4,3203.1,3274.7,3392.4,3516.6,3708.2,3809.9,4260.8,4717.9,4999.6,5396.1,5518.9,5680.1,5755.3,5884.3,5895.3,5749,5462.6,5126.2,4644.8,4302.4,4111.7,3915.1,3876.5,3811.2,3861.4,3900.8,3902.2,4047.7,3854.8,3998.1,3974.7,3968.9,3986.9,3779.4,3803,3579.6,3554.8,3595.8,3529.1,3424.8,3430.3,3275,3188,3148.7,3015,2929.2,2965.1,2976,2899,2706.5,2350.7,1727.5,1084.7
1098.7,1821.7,2838.3,3866.4,4447,5131.1,6042.7,7287.4,8379.8,9018,8917,7989.5,6746.1,5928.6,5404.8,5040.8,5191.7,5595,6099.4,6264.6,6167.4,5313.9,4694.2,4311,3791.8,3547,3357.4,3203.6,3129.9,3055.3,2998.4,3096.7,3028.6,3072.9,2942.5,2764.3,2948.9,2789.6,2958.3,2854.6,2882.2,3009.6,2958.1,3103.4,3159.3,3222,3258.8,3240.6,3294.2,3482.9,3528,3763.9,3907.9,4236.7,4835.7,4996.3,5469.2,5687.9,5884,5991.3,5927.8,5933.2,5860,5538.1,5181.9,4799.4,4453.6,4370.6,4033.3,3888.6,3955.6,3955.3,4105.7,4066.9,4183.5,4061.6,4018.6,4100.8,3857.7,3901.5,3782.7,3733.9,3681.6,3554.8,3569.3,3602.6,3556.2,3521.4,3458,3299,3255.4,3181,3062.2,2965.1,2881.6,2765,2678.5,2448.4,1848.4,1098.3
1080.9,1844.7,2825.2,3757.3,4412,5124.3,6204.8,7338.8,8587.6,9437.7,9193.9,8350.2,7145.8,6029.7,5590.2,5256.4,5366.8,5732.9,6110,6282.7,6189.5,5461.3,4704.8,4402.8,3877.2,3642.8,3488.6,3252.9,3122.7,3116.6,3076.3,3085.1,2924.6,2967.8,2971,2710.9,2990.3,2790.6,2946.8,2938.1,2874.9,3040.7,2923.3,3170.2,3231.8,3262.8,3247.6,3151,3272.6,3396.4,3455.9,3682.4,3902.3,4218,4968.9,5000,5381,5741.8,5893.7,5931.5,5895.5,5826.4,5734.8,5485.9,5105,4603.2,4201.2,4169.2,3951.9,3770.6,3793.7,3631.7,4001.2,4048.5,4100.6,4024.7,3896.5,3940.8,3816.1,3782.7,3790.4,3766.2,3683,3692.5,3540.6,3666,3680.3,3544.3,3440.3,3375.9,3257.4,3227.3,3172.4,3038.7,2916.3,2749.7,2574.5,2284.1,1757.2,1051
1043.6,1830.9,2886.9,3831.2,4548.5,5132.4,6126.2,7082.2,8396,9260.5,9271.1,8357.9,7113.4,6020.5,5396.8,5048.9,5089,5551.2,5924.1,6208.5,5932.2,5449.9,4585.8,4243.7,3870,3530.6,3423.6,3189.2,3076.8,3043.1,2990.1,3016,3020.4,2818,2963.2,2783.5,2882.3,2916.1,2767.7,2995.3,2828.5,3017.7,3077.2,3099.5,3199,3162.9,3173.1,3149.2,3209.2,3306,3377.5,3544.2,3939.3,4230.3,4869.5,5295.9,5438.1,5837.4,5758,5869,5979.5,5944.6,5788.8,5609.2,5126.1,4698.3,4330.6,4106.8,4019.7,3867.5,3927.7,3858.3,3930.9,4153.6,4208.6,4312,4220.2,4260.5,4232.3,4118.3,4000.1,3795.5,3764,3754,3703.3,3703.1,3712.6,3573.3,3449.1,3332,3193.2,3101.9,3022.1,2892.7,2843,2744.8,2570.6,2275.1,1799.2,1099.1
1032.5,1930.1,3130.1,4220.8,4762.3,5351.3,6335.4,7490.5,8533.1,9133.4,9089.9,8089.9,6894.8,5846.1,5126.1,5047.6,5144.8,5761.9,6425.8,6252.1,5838.9,5329.7,4591.9,4056.8,3905.6,3528.4,3440,3305.5,3165.4,3119,3111.6,3034.8,3095.9,3025.2,3051.6,3040.1,2836.6,3042.7,2816,3001.3,3059.2,3000.4,3154.3,3206.7,3251.9,3286.3,3264.2,3201.9,3176.3,3303.3,3453.1,3587.9,3942.7,4379.5,4741.5,5336.2,5510.6,5867.1,5956.9,5958.5,6009.7,5848.5,5658.2,5467.3,5097.4,4554,4129,4010.3,3813.4,3766.4,3739.4,3827.8,3869.1,4043.5,3918.8,4094.2,4190.7,4055.6,4148.7,3829.7,3941.3,3724.6,3530.3,3597.5,3453.7,3442.2,3428.6,3330.8,3280.9,3278.4,3095.6,3093.6,3026.2,2859.3,2815.8,2815.4,2660.5,2261.4,1707,1108.4
1069,1880.3,2926.8,3835.5,4567.4,5227.2,6229.6,7284.5,8593.9,9362.9,9149.4,8291.3,7088.5,5991.2,5584.3,5276.9,5345.3,5754.7,6216.3,6312,6013.2,5372,4616.9,4352.5,3810.7,3567.9,3489.1,3274.3,3171.8,3156.1,3110.6,3111.6,3011.7,2968.5,2981.8,2709,2989.2,2760.7,2811.5,2928.2,2791.6,2989.5,2876.8,3051.7,3047.4,3003.2,3076.1,2972.6,3130.5,3148.6,3260.4,3474.2,3688,4018.3,4526.1,4915,5381.4,5712.8,5785.9,5894.2,5898.4,5961.4,5893.5,5630.1,5142.4,4620.4,4397.1,4150.9,4003,3902.6,3793.8,3969.9,4061.6,4107.6,4149.8,4177.5,4211.9,4375.7,4245.1,4209.5,4061.7,3854.6,3861.5,3805.6,3737.5,3770.1,3784,3665.3,3554.7,3440.6,3354.8,3274.1,3173.7,3059.9,2992,2925.1,2756.7,2422.1,1801.2,1113.7
1097.3,1890.7,3001.6,3965.3,4555.3,5137.2,6271.7,7234.3,8600.3,9446.4,9371.6,8552.5,7281.9,6148.1,5481.4,5093.3,5277.6,5752.3,6233.2,6397.8,6032.4,5526.6,4676.1,4411.8,3948.1,3609.7,3461.5,3212,3118.7,3118.3,3056.9,3100.7,3053.1,2891.5,3017.2,2806.7,2925.8,2858.6,2834,2978.8,2731.2,3031.2,3006.9,3092.5,3241.2,3220.6,3288.7,3225.3,3351.8,3353.9,3365.4,3640.5,3893.3,4271.5,4890.2,5136.3,5401,5812.2,5855.5,6012.1,6009.2,5993,5870.6,5586.1,5142.4,4584.4,4291.8,4079.6,3914,3806.8,3861.9,3676.7,3817.2,3963.1,3784.9,4063.9,4010.9,4042.9,4008.4,3913.7,3869.9,3775.6,3547.3,3622.8,3590.7,3474.9,3595.1,3584.6,3420.1,3277,3157.8,3034,2999.4,2918.6,2879.8,2852,2706.2,2368.9,1850.1,1121.4
1110,1850.8,2838.2,3845.7,4465.8,5266.4,6155.8,7427.6,8709.4,9346.3,8992.5,7984.6,6865.3,5954.3,5400.9,5105.8,5235.5,5678.2,6187.7,6230.2,6130.9,5229.7,4646.9,4323.3,3721.5,3455.9,3284.3,3133.9,3127.4,3100.4,3032.5,3083.5,2933.9,3025.8,2938.9,2806.3,2954.6,2726.8,2939.4,2826.4,2902,3020,2907.8,3147.6,3117.4,3130.1,3046,3032.9,3148.3,3106.3,3293,3535.9,3750.5,4115.9,4636.8,4901.1,5389.8,5561.9,5641,5686.6,5647.3,5624,5537.2,5261.4,4792.7,4248.3,4066,3917.2,3711.3,3630.1,3689.2,3667.8,3906.5,3839.8,4082.4,3913.2,3835.4,3979.7,3715.5,3808.9,3616.4,3552.1,3580.3,3519.8,3438.8,3582.2,3626.5,3513.1,3371.2,3234.7,3109.8,3057.9,2880.3,2739.9,2750.3,2666.2,2470.3,2210.5,1685,1070.4
1082.5,1991.5,3111.4,4072.2,4743.8,5273.9,6291.2,7231.2,8475.3,9223.5,9139.3,8141,6878.3,5809,5287.9,5058.5,5165.9,5827,6212.6,6299.8,5863.1,5362.1,4496.2,4098.5,3764.9,3425.5,3345.8,3169,3049.8,3035.7,3004,3008.5,3042.4,2909.1,3010.1,2835.3,2947.6,3010.2,2854.6,3098,2903.7,3095.9,3171.5,3122.5,3283.3,3190.7,3218.2,3158.8,3281.1,3369.3,3365.7,3583.1,3744,4139.2,4708.8,5095.4,5356.8,5803.4,5830.7,5894.2,5969.3,5970.7,5836.5,5543.8,5153.4,4538.9,4217.7,4170,3969.8,3954.2,3926.6,3986.3,4120.1,4209.6,4168.1,4267.4,4196.7,4192.4,4139.7,3941.6,3960.2,3829.2,3819,3786.1,3690.4,3674.2,3757.7,3709.5,3604.8,3541,3468.2,3317.4,3225.6,3039,2919.6,2868.2,2715.7,2346.7,1833.2,1153.4
1090.4,1849.3,2931,3897.1,4549.7,5396.5,6238.2,7580.3,8854.1,9474.8,9208.4,8238.6,6972.4,6022,5487.9,5235.4,5362.7,5784.8,6337.3,6303.7,6233.2,5188.6,4714,4246.6,3782.2,3641.3,3317.7,3147.5,3068,3040.8,3060.1,3049.7,2991.8,3020.1,2795.8,2849.6,2883.8,2788.9,2940.4,2835,3022.7,3005.8,3026.2,3222,3209.8,3318.3,3211.8,3300,3327.3,3269.3,3558,3710.4,3996.8,4385.4,4814.7,5213.8,5546.1,5729,5943.3,6012.8,6085.7,6122.9,5825.4,5494.3,5167.8,4764.6,4458.3,4315.6,3968.1,3877.8,3739.2,3750.8,3946.2,3817.9,4040.6,4071.4,4080.8,4121.1,4078,4019.3,4085.7,3832.6,3691.4,3616.3,3420.9,3544.9,3554.1,3447,3368.3,3304.8,3201.9,3125,2984.5,2880.4,2823.4,2721.2,2520.9,2217,1692.2,1099.1
1116,1944,3012.8,3948.2,4596.5,5314,6319.7,7451.6,8732.4,9456.4,9084.4,8086,6798.6,5749.3,5414.4,5151.5,5369.4,5896.8,6196.4,6240.7,6140.7,5283.3,4513.2,4261.9,3664.7,3454.9,3277.6,3097.9,3086.9,3022.9,2879.1,3024.4,2944,2942.5,2891.3,2689.1,2904.9,2709.2,2899.7,2819.7,2789.8,2981.1,2858.1,3104,3117.6,3175.6,3161.6,3071,3222.7,3228.2,3392.4,3661.9,3945.1,4392,5066.8,5142.7,5529.9,5684,5742.2,5899.1,5919.3,5809.9,5667.5,5389.1,4988.8,4524.5,4151.7,4099,3927.9,3808.1,3858.9,3749.7,4037.9,4111.9,4137.2,4190.1,4193.1,4105.7,4065.6,3988,3999.9,3890.9,3737.8,3793,3649.5,3674.7,3749.9,3640.9,3401.4,3247.6,3122.9,3031,2908,2806.9,2800.8,2704.4,2546.2,2226.4,1718.5,1058
1064,1890.1,2950.5,3844.6,4472.6,5038.8,6088.8,7107.7,8394.7,9191.1,8976.8,8015.2,6839.7,5885.8,5461,5117.8,5236.2,5638.1,6087.3,6275.3,6012,5429.5,4608.3,4346.6,3817.2,3369.2,3242.6,3162.7,3061.1,3064.2,2959.9,3002.8,2959.5,2866.2,2964.7,2748.8,2906.5,2792.8,2789,2956.2,2840.6,3046.2,3034,3156,3280.9,3275.9,3224.3,3227.2,3245.9,3335.9,3413.6,3616.8,3958.8,4186.6,4874.3,5126.5,5414.8,5754,5837.4,5926.3,5890.6,5829.6,5694.4,5423.1,4956,4472.7,4281.7,4103.9,3944.6,3839,3882.6,3973.3,4084.4,4097.4,4138,4170.3,4101.5,4120.8,3888.4,3858.1,3791.7,3670.4,3744.4,3486.1,3526.5,3445,3353.1,3305.3,3212.2,3126.2,3112.4,3075.5,2999.5,2981.8,2982.4,2831.9,2673.4,2388.1,1884.2,1084
1054.7,1845.9,2849.1,3719.4,4303,5011.5,6083.6,7276.6,8499,9272.5,8950.8,7983.1,6861.8,5938.5,5588.1,5272.1,5291.3,5724,6184.3,6256.6,6153.6,5401.1,4683.4,4386.2,3811.6,3549.7,3361.9,3133.5,3076.7,3079,3017.8,3109.2,2980.3,3005.2,2964.7,2678.1,2899.2,2650,2807.2,2812.9,2778.8,2981.4,2859.6,3081.2,3124.4,3114.2,3053.3,2957.5,3082,3121.7,3249.4,3519.3,3727.5,4000.9,4669.1,4858.5,5241,5504.3,5648.5,5717.5,5628.3,5632.7,5569.5,5305.3,4881.2,4367.5,4066.3,4031.3,3938.9,3813.6,3827.7,3767,4036.7,3993.2,4078,4026.2,3901.9,4041.7,4048,3964.6,3923.6,3776.1,3630.2,3651,3528.7,3600.5,3581.5,3471.7,3393.3,3299.2,3204.2,3102.4,2890.7,2766.8,2786.5,2657.1,2558.5,2344.5,1781.3,1037.2
1071.9,1992.3,3158.5,3951.5,4561.4,5131.3,6305.9,7440.4,8633.4,9383.5,9071.7,7957.3,6725.1,5686,5281.6,5036.3,5226.6,5899.7,6195,6335.5,5860,5299.7,4475.7,4294.8,3765.7,3424.5,3333.9,3123.7,2993.6,3027.5,2964.5,3027.7,3009.2,2804.4,2971.1,2842.5,2949.8,2861.2,2748.5,2936.4,2693.7,2982.8,2994.8,3024.8,3125.5,3092,3082.1,2997.7,3043.7,3168.7,3265,3414,3768.3,3972.1,4578.5,5083.3,5301,5669.6,5785.7,5830.2,5787.7,5701.1,5572,5351.9,4895.3,4524.9,4175.9,3997.9,3945.2,3690.4,3832.5,3810.5,3936.7,4072,4001.2,4102.1,4045.8,3948,3814.3,3717,3681.5,3669.1,3534.4,3582.4,3596.7,3556.2,3602.5,3493.6,3427.1,3315.6,3162.4,3095.4,3032.1,2761.4,2699,2633.3,2442.5,2238.7,1780.7,1108.9
1106.7,1876.2,2869,3832.2,4410.2,5080.5,5893.8,7086.6,8395.8,9173,8847.1,7852.7,6650.7,5787.8,5282.8,4981.3,5181.9,5541.3,5895.6,6062.7,6154.9,5273.9,4571.3,4224.3,3724.8,3454.3,3295.5,3056,2988.7,3029.6,2959.5,3022.1,2969.3,2987.8,2887,2692,2901.1,2752.5,2873.9,2897.7,2911.1,3058.8,3087.5,3161.8,3239.8,3212.1,3157,3142.8,3195.6,3275.7,3307.2,3553.4,3775.3,4139.7,4789.9,4921.7,5348.7,5596.9,5734.6,5780.5,5721.5,5706.1,5584,5320.7,4925.5,4477.5,4170.2,3926.9,3845.2,3781,3816,3865.2,3954.1,3980.5,4014,3925,3929.3,3965,3823.6,3891.1,3696.7,3705.4,3591,3359.5,3544,3484.8,3365.3,3313,3308,3224.1,3159.7,3053.3,3013.8,2953.9,2866.5,2779.5,2621.3,2343.6,1779.1,1080.2
1075.5,2045.1,3208,4186.9,4765.5,5286.3,6447.3,7480.4,8551.9,9227.2,9084.3,7979.2,6733.6,5748.2,5195.3,4988.6,5206.7,5828.6,6246.6,6261.5,5799.2,5435.1,4531.5,4048.3,3801.5,3423.1,3315.3,3201.3,3086,3077.1,3040,2930.7,3007.9,2840.4,2957.1,2884.9,2808.5,2894.3,2547.1,2920,2922.4,2984.9,3073.1,3028.9,3155.6,3038.6,3071.6,3051,3084.4,3243.8,3321.5,3487.5,3718,4123.7,4638.5,5128.9,5410.7,5831.6,5852.8,5859.8,5889.3,5743.4,5630.9,5476.9,5146.9,4502.3,4117.5,4073.4,3779.2,3838.5,3824.5,3912.5,4089.1,4096.3,4186.9,4333.7,4308.2,4250.1,4200.6,4045.9,4122,3899.2,3830.1,3815.7,3700.8,3707.9,3692.7,3605,3482.5,3431.8,3419.2,3264.7,3160.6,3081.5,2988,2892.9,2768.4,2306.7,1698.6,1072.3
1057.8,1784.7,2772.3,3682.8,4307.1,5080.3,5892.2,7081.7,8245.6,8989.7,8911.1,7978.3,6581.3,5721,5271.4,4998,5103.8,5547.9,6126.8,6274.3,6176.3,5265.3,4687.1,4206.3,3686.2,3468,3229.1,3032.8,3026.3,2966.7,2883.5,2965.1,2859.3,2950.8,2827.8,2815.1,2874.3,2620,2943.1,2778.1,2912.9,2978.1,2961.7,3183.1,3192.2,3179.8,3097,3120.8,3219.3,3265.4,3354.1,3527.7,3650.7,4052.1,4544.3,4754.7,5118,5397.1,5637,5744.7,5772.8,5738.5,5664.9,5386.7,5079.2,4550.3,4158.2,4042.4,3741.7,3689.9,3642.1,3667.9,3837.4,3650.4,3993.4,3919.8,3996,4064.8,3900.1,3863.4,3827.9,3620.3,3502.4,3397.3,3197.1,3330.6,3343.9,3288.9,3196,3086,2994.4,2952.2,2864.3,2826,2721.3,2577.7,2464.2,2161.1,1694.2,1087.4
1110.6,1950.5,2932.9,3817.8,4412.9,4984.2,5961.7,7178.8,8338.3,9029,8677,7613.8,6481.7,5692.1,5203.9,4837.1,5108,5634.5,6118.6,6238.9,6044.3,5266.9,4513.6,4216.2,3735.5,3433.3,3314.5,3175.1,3097.4,3075.2,2953.4,3018.7,2926.6,2904.7,2936.6,2715.6,2884.5,2711.8,2816.9,2883.7,2782.6,2986,2884.1,3069.9,3160.6,3139.2,3060.9,2967.4,3102,3217,3282.4,3515,3812.4,4096.3,4802.7,4940,5223.5,5538,5760.8,5952,5858.9,5796.5,5688.8,5418.9,4989.4,4485,4200.5,4009.1,3883.7,3738.1,3753.6,3807.9,3966.8,4012.8,4097.9,4124.6,4041.7,4135.1,3943.2,3953.7,3825.3,3697.7,3707.5,3461.9,3485.2,3441,3415.2,3347.2,3239,3122.6,3074,3036.3,2955.8,2892.4,2851.7,2721.7,2547.5,2283.4,1792.3,1065.2
1079.2,1821.8,2733.5,3709.6,4363.7,4894.6,5681.1,6784,8152.6,9018.8,8707,7565.7,6410.3,5595.1,5129.1,4724.1,5026.1,5490,6046,6327.3,6086.1,5264.6,4589,4207.2,3709.2,3585.3,3397.2,3263.6,3212.7,3108,2994.2,3062.4,2942.8,3008.7,2895.7,2779,2910.1,2647.5,2909.2,2779.2,2881.1,3007.6,2898.9,3070.6,2985.7,3042,2935.6,2905,3071.6,3054.9,3341,3363.8,3586.5,4105.9,4491.2,4993.4,5397.3,5656.4,5716.4,5782.5,5812.3,5772.9,5538.9,5338.7,4854.6,4428,4224.8,3865,3921.4,3800.3,3821.9,4013.9,3811.5,4030.8,4125.4,4186,4281.2,4228.1,3969.3,4043,3870.3,3820.6,3866.4,3786.6,3694.8,3689.1,3661.2,3531.4,3494.3,3507.2,3339.6,3258.9,3135.4,3023.5,2993.1,2950.8,2700.2,2254.8,1650.7,1059.3
1037.3,1909,3044.5,3842.1,4421.2,4941.5,5854.3,7176.9,8339.3,9036.7,8784.1,7688.7,6467.9,5536.4,5155.9,4965.9,5132.1,5708.2,6114.9,6329.6,5783.1,5167,4350.3,4099.2,3700.6,3326.1,3199.8,3084.4,2995.9,2942.1,2914.6,2971.8,2970.2,2812.3,2909.2,2690,2850,2872.7,2729.7,2941.5,2698.4,2936.8,2970.7,3022.2,3163.6,3056,3057.7,3004.1,3077.8,3162.8,3197.7,3375.7,3755.7,4056.2,4591.7,5080.6,5234.8,5583.2,5706.8,5751.7,5791.3,5736.1,5592,5513.4,4967.5,4566.7,4177.1,3893.5,3883.7,3717.5,3824.2,3776.2,3818.7,4016.5,4062.9,4175.6,4225.4,4130.4,4029.1,3962.9,3867.8,3819.4,3650.1,3571.2,3516.9,3405.3,3492,3530.8,3393.2,3306,3259.3,3177.4,3108.1,2924.4,2821,2696.8,2489.4,2189.3,1721.1,1087.3
1087.3,1936,3095.1,3916.3,4560.1,5111.6,6231.7,7397.5,8582.5,9291.5,9037.8,8081.8,6831.5,5750.5,5267.1,4951,5123.9,5598.5,6088.5,6367.5,6017.4,5514.4,4524.2,4127.3,3689.9,3425,3352.7,3193.4,3095.6,3066.5,2987,3007.3,2981.9,2848.2,2953.1,2759.1,2865.1,2810.2,2712.2,2887.3,2751.4,2993.1,3021.3,3084.1,3182.6,3173.1,3128.5,3094.7,3111.7,3153.6,3204.3,3457.4,3955.5,4056.3,4574.6,5048.6,5269.5,5629.6,5795.6,5847.9,5710.9,5635.1,5577.3,5365.2,5013.5,4657.6,4225.1,4059,4042,3878.5,3938.4,3805.6,3915.8,4076.8,4077.2,4150.5,4176.9,4086.6,3961.9,3847.4,3766.5,3686,3605.6,3605.7,3607.1,3553.6,3548.4,3497,3375.4,3184.4,3101.1,3093.9,3046.4,2930.1,2857.1,2696.6,2470.3,2151.1,1675.5,1087
1110.8,1956.1,3013,4001.2,4639.6,5272.5,6199.6,7407.8,8663.1,9404.3,9067.9,8087.2,6741.4,5674.5,5388,5131.7,5263.4,5691.1,6119.1,6202.6,6115.8,5238.2,4441.6,4108.7,3637.8,3374.4,3252,3115,3059.7,3057.1,2996,3056.2,2940.1,2972.3,2927.2,2694.4,2942.3,2807.9,2845.6,2755.5,2679.9,2901.3,2921.3,3049.1,3014,2993.4,2999.4,2960,3020.5,3042.5,3138.9,3344.5,3517.9,3910.1,4647.9,4890.7,5209.6,5580.1,5678.1,5675.9,5732.3,5665.9,5568.8,5300.4,4903.2,4486.9,4060.6,4001.1,3842.7,3720.5,3800.2,3607.4,3895.6,3913.5,4000.3,4059,3958.6,3932.7,3872.6,3852.6,3823.2,3720.6,3594.5,3621.4,3522.3,3543.2,3530.5,3449.4,3428.2,3441.6,3260.3,3083.8,2970.5,2842.1,2796.5,2690,2529.2,2235.2,1719.1,1079.2
1064.6,1675.5,2723.6,3833.9,4362.4,4922.7,5751.2,6872.9,7995.7,8861.1,8813.2,7995.8,6842.2,5965.2,5383.5,5122.4,5251.4,5561.6,6046.9,6339.8,6257.3,5313.7,4761.9,4149.5,3750.2,3684.6,3360.1,3183.1,3208.4,3101.8,3012,3039.9,2941.9,3012.3,2834.2,2853.5,2837.7,2747.3,2906.9,2621.9,2950.6,2967.6,3004.4,3193,3148.7,3195.3,3040.1,3133.3,3200.5,3223,3428,3519.9,3767.7,4148.6,4568.3,4949,5297.5,5537.6,5815.7,5877.5,5861.5,5835.5,5646.1,5505.8,5093.6,4718.4,4278.7,3870.9,3944.8,3767.5,3828.6,3765.3,3785.9,4039.4,4039.6,4136.9,4270.4,4202.5,4107.4,4030,3748.9,3805.9,3653.1,3607.9,3677.4,3584,3511.5,3449.5,3365.1,3239.1,3201.7,3207.7,3112.8,3059.4,2975.7,2815.2,2617.6,2294.9,1709.4,1079.5
1058.3,1988.4,3149.9,4045.9,4668.9,5216.9,6190.6,7289.6,8478.2,9125.2,8976.2,7795.7,6561.9,5577.6,5140,4992.5,5082.9,5615.2,6063.4,6229.6,5765.6,5288.3,4462.2,4115.7,3780.1,3369,3265.7,3106.8,2986.9,2992.3,2948.3,2919.5,2992.6,2835.5,2946.2,2819,2842.7,2880,2655.3,2944.7,2850.2,2981.3,3098.6,3132.8,3204.4,3155.3,3117.8,3141.1,3226.7,3300.3,3361.3,3540.6,3888.3,4181.2,4767.4,5323.4,5419.9,5824.7,5880.6,5964.2,5947.4,5776.7,5598.1,5513,5068,4634.2,4251.4,4061.5,4055.5,3892.4,3898.8,3913,4009.6,4187.4,4131.5,4181,4157.4,4147.5,4071.7,3979.3,3946.6,3736.6,3732.7,3758,3720.3,3641.9,3587.5,3425.9,3288.2,3208,3149.1,3057.5,2939.6,2944.6,2959.8,2836.8,2614.8,2227.8,1696,1073.7
1080.1,1697.7,2861.4,3764.1,4252.7,4852.9,5619.3,6917.1,8224.3,8869.2,8771.1,7646.7,6370.6,5568.6,4998.4,4957.7,5101.9,5589.8,6140.2,6338.8,5913.5,5179.9,4577.5,3877.6,3766.3,3460.7,3245.4,3218.4,3106.6,2958.7,3016.4,2912.8,2992.1,2951.8,2836.3,2887.1,2653.6,2880.6,2725,2771.9,2885.3,2780.3,3069.2,3032.3,3081.9,3052,2941.8,2960.8,2909.9,3100.6,3073.8,3214.6,3499,3836.5,4538.2,5008.7,5263.9,5582.3,5768.8,5715.6,5722.9,5594.6,5483.3,5211.6,4795.4,4386,3893,3947,3847.6,3744.1,3800.8,3749.3,3944.6,4062.5,4003.5,4107.6,4239.5,4014.2,4035.9,3946.3,3961.4,3951.1,3773.7,3697.8,3769.6,3743.1,3658.9,3627.6,3574.1,3396.3,3328.7,3221.2,3111.9,3022.4,2902,2790.7,2636.5,2279.6,1756.2,1079.4
1103.7,1955.1,3091.8,4023.7,4637.6,5303,6402.2,7445.8,8738.5,9482.2,9088.4,8046.3,6785.2,5720.6,5376.9,5138.2,5273.1,5797.2,6232.4,6346.8,6034.9,5349.6,4488.4,4291.4,3665.9,3397.9,3273.3,3101.7,3027.2,2967.4,2883.3,2999.6,2989.9,2937.2,2902.8,2603,2901.6,2774.6,2848,2884.2,2721.4,2987,2881.6,3071.3,3196.9,3136.2,3093.2,2969.1,3150.3,3258.8,3339.4,3515.4,3792.4,4156.8,4823,5034.7,5406.1,5748.7,5700.1,5828.4,5864.3,5797.1,5699.5,5509.6,5017,4554.6,4113.4,3929.1,3855,3678.2,3819.2,3647.4,3861.7,3994.9,4010.2,4079.5,4069,4091.3,4160.5,4052.5,3889.6,3827.9,3662.3,3702.1,3608.5,3532.1,3574.7,3579.8,3436.2,3339.7,3206.8,3086.4,2987.9,2849.1,2758.1,2664.2,2444.5,2093.4,1610.3,1076.7
1080.4,1675,2794.2,3745.8,4169.3,4768.4,5627.1,6831,8139.1,8845.5,8743.6,7786.9,6499.4,5570.1,4919,4783,4909.3,5379.2,6106,6151.7,5905.6,5104.6,4564,3915.5,3709.7,3448.1,3162.1,3064.6,3056.6,2967.7,2981.5,2877.5,2866.6,2926.3,2775.9,2889.3,2699.9,2846.8,2851.8,2739.6,2999.7,2852.4,3059.4,3160.7,3207.1,3223.3,3080.8,3097.9,3028.3,3131.9,3322.3,3461.6,3623.1,4063.3,4413.4,4840.4,5306.2,5478.8,5594.2,5660.9,5742.7,5749.5,5578.6,5172.5,4799.4,4356.8,3989,3767.2,3677.4,3752.2,3546.2,3708.3,3716,3861.5,4011.9,3820.1,4148.5,3946.7,3882.1,3785,3610.1,3660,3515.7,3474.4,3463.2,3408.3,3387.6,3387.6,3276.6,3207.4,3185.6,3154.5,3062.2,2960.9,2778.3,2655,2534.1,2224.3,1668,1112.4
1057.1,2031.2,3211.2,4045,4613,5103.2,6267.1,7311.9,8421.1,9056.4,8849.1,7889.7,6666.9,5725.3,5261.3,4921.5,5136.6,5820.3,6160.3,6264.5,5745.8,5331.3,4374.2,3971.3,3612.2,3329,3249.2,3063.6,2939.2,2977.9,2952,2967.7,2962.6,2783.2,2869.7,2690.9,2808.4,2779.5,2625.5,2848.8,2639.3,2918.6,2940.6,2965.1,3093.1,3001.2,3030.6,2877.7,2989.2,3102.9,3159.7,3387.4,3643.5,3970.4,4550.6,5047.8,5265.3,5559.3,5632.2,5767.7,5760.8,5649.1,5543,5366.1,4879.9,4421.3,4080,3964,3913.5,3741.4,3840.1,3778.2,3876.5,4075.3,4050.4,4175.5,4148.4,4097.7,4056,4018.1,4017.1,4029.9,3904.6,3874.1,3870.8,3817.1,3793.3,3671.4,3468.4,3329,3244.3,3172.6,3106.7,3017.2,2923.2,2790.2,2594.9,2172.5,1638.3,1079.3
1059.1,1644.7,2795.9,3815.3,4325.6,4939.8,5718.3,6893,8140.9,8893.6,8897.1,7940.3,6643,5625.7,4877,4786.6,4905.6,5395.7,6108.1,6120.6,5878.2,5205.3,4759.1,4001.2,3771.6,3445.4,3194,3168.5,3087.5,2920.3,2982.6,2935.1,2955.7,2941.1,2698.2,2807,2619.7,2766.9,2822.9,2673.7,2936,2836.1,2944.3,3060.2,3118,3110.3,3091.5,3068.8,3061.6,3087.7,3197.5,3320,3546.5,4092.9,4392.5,4770.3,5308.4,5571.1,5758.7,5816.5,5822,5708.3,5517.3,5324.2,5095.9,4650.9,4316.4,4053.9,3885.7,3857.2,3850.1,3894.9,3935.7,4134.3,4259,4172.4,4270.3,4127.2,4034.4,3929.3,3779.2,3755.9,3507.2,3554.8,3571.7,3502.9,3427.6,3319.8,3246.6,3159,3055.9,2988.2,2987.8,2913.4,2843.1,2782.9,2603.7,2289.8,1744,1080.3
1099.2,1913.3,2863.5,3801.7,4376.4,5111.6,6017.1,7355.7,8621.6,9252.9,8929.1,7902.8,6630.3,5799,5409.6,5139.9,5301.4,5751.6,6243.9,6209.5,6140.8,5111.3,4530.7,4184.3,3721.6,3455.5,3243.5,3049.5,3054.1,3023.1,2928.9,2992.6,2883.4,2936,2863.9,2760.5,2842.8,2585.9,2770,2669.9,2753.1,2878.9,2847.9,2999.4,3044.8,3048.3,2973.8,2918.7,2975.3,3017,3098.5,3310.6,3497.6,3923.3,4503.2,4781.3,5263,5519.4,5573.2,5615.8,5676.3,5676.7,5565.5,5289.8,4986.9,4540.4,4202.8,4087.6,3854.9,3753,3739.4,3720.1,3901.1,3940.8,4125.6,4056.6,4028.9,4092.6,3991.6,4017.1,3934.1,3842.6,3687.5,3553,3618.8,3599.1,3531.6,3479.3,3410.6,3306.5,3216.7,3136.2,3004,2905.2,2868.2,2831.1,2621.5,2314.6,1753.5,1082.6
1079,1734.8,2883.6,3799.8,4273.8,4934,5671.8,6797.6,8149.1,8844.7,8654.4,7616.4,6409.7,5485,4782.4,4774.2,4974.2,5406.2,6170.3,6108.9,5863.8,5100.6,4588.4,3906.5,3725.5,3439.7,3141.2,3050,3029.8,2907.4,2957.5,2899.4,2903,2937,2810.5,2881.3,2729.5,2860.2,2832.6,2718.8,2971.3,2862.3,3047,3154.7,3150.3,3091.7,3001.3,3046.5,3060.5,3151.7,3348.7,3511.3,3674.7,4211.8,4482.4,4886.9,5382.6,5562.4,5674.6,5667.7,5734,5716.1,5564.5,5341,5050.7,4516.5,4241.9,4024.1,3855.9,3930.5,3817.8,3909.8,3952.9,4046.9,4087.1,3979.6,4218.4,4283.9,4168.5,4033.3,3914.3,3778.1,3632.8,3613.1,3686.9,3706.5,3607.1,3512.1,3309.6,3177.9,3116.9,3056.6,2955.2,2820.3,2807.7,2724.4,2477.8,2133,1638.5,1075.2
1027.4,1871.2,3044.3,4054.7,4570.9,5134.6,6048.3,7263.9,8431.9,9066.9,9250.5,7962.1,6635.9,5679.8,5060,4930.6,5012.8,5620,6213.4,6172.4,5770.9,5249.2,4489.5,3960.5,3793.2,3374.1,3149.3,3096,3032.3,3005.7,2983.9,2858.2,2978.3,2848.3,2837.8,2847.4,2688.9,2872.6,2611.8,2816.9,2881.8,2848.9,2948.7,2865.5,3050.4,3058.3,3018.2,2960.7,2880.3,3044.5,3194.5,3271,3525.9,3850.6,4302.9,4984.4,5304.7,5546.7,5650.6,5742.2,5764.6,5725.5,5518.7,5294.4,4904.7,4453,4129.3,3875.1,3855.4,3731,3684.2,3851.1,3784.7,4079.4,3954.1,4133.5,4194.6,3964.1,3986.6,3851.8,3786.4,3732.9,3678.3,3616,3650.9,3650.7,3614.3,3518.4,3420.8,3347.2,3228.2,3095.8,2981.3,2868.1,2779.4,2713.4,2548.8,2124.4,1619.5,1087
1016.6,1978.3,3131.3,3900.4,4572.2,5160.5,6170.9,7236.8,8387.9,9052.3,8773.6,7664,6459.5,5522.1,5144.3,5001.4,5149.5,5673.5,6163,6339.5,5764.6,5369.3,4407.2,3966.5,3670.1,3329.2,3176.9,3090.9,3003.2,3017.6,2967.5,2876.7,2939.6,2832.9,2932.8,2789.1,2800.4,2896.9,2672.3,2931.9,2865.2,2974.2,3035.7,3042.1,3180,3227.1,3142.8,3098,3145.5,3241.4,3330.9,3475.2,3831.3,4170.3,4717,5210.3,5303.8,5680.6,5722.2,5842,5862.4,5751.4,5671,5481.2,5130,4668.1,4367.3,4248.1,4209.6,4023.3,3929.3,3956.7,4046.6,4167,4113.1,4104.6,4047.5,4049.6,4049.3,3895.8,3885.3,3679,3659.1,3556.1,3408.5,3473.8,3464.5,3369,3294.7,3199.8,3122.9,3136.5,3131.9,3051.3,2995.8,2892.8,2699.7,2239.8,1673.1,1121.9
1040.7,1870.9,3056.5,4059.9,4577.8,5099.7,5913.2,7158.8,8323.7,8891.1,8980,7744.3,6456.8,5474.3,4824.6,4830.4,4914.3,5522.6,6203,6137.4,5736.2,5113.4,4357.9,3849.9,3794.9,3393,3131.2,3109.7,3051.6,2973.2,2997.5,2895.5,2982.4,2874,2842.7,2880,2625,2854.8,2716.4,2847.5,2921.7,2836.4,3006.6,3000.1,3087.3,3000.5,2942.6,3011.5,3019.4,3158.9,3261,3300.5,3457.8,3765,4230.3,4840.6,5168.3,5433.7,5636,5685.2,5652.9,5579,5406.6,5204.1,4895.5,4421.4,4002,3936,3898.5,3842,3820.7,3895.7,3933.6,4028.2,3969.1,4066.7,4205.7,4088.6,4140.1,4044.4,4007.3,3863.1,3678.6,3683.1,3624.3,3561.4,3526,3457.7,3341.4,3301.5,3210,3145.4,3079.7,2925.1,2780.9,2753.3,2639.9,2234.2,1675.5,1104.5
1023.7,2057.5,3228.2,4070.8,4635.3,5213.2,6289.1,7332.1,8442.4,9007.6,8794.3,7683,6474.7,5467.9,4990.5,4900.2,5084,5789.4,6143.8,6113.2,5672.3,5199.5,4347.9,3884.1,3645,3325.1,3193.3,3082.5,2973.7,2949,2924.8,2896,2944.2,2754.7,2872.9,2793.8,2745.8,2859.6,2615.7,2864.9,2766.8,2829.2,2959.4,2980.2,3041.6,2898,2912.3,2883.4,2876.8,3011.2,3106.7,3254,3603.4,3866.1,4325.8,4994.8,5317.2,5566,5619.6,5644.5,5671.9,5660.3,5497.9,5309.2,4857,4418,4128.3,3995.5,4002,3823.2,3820.1,3843.4,3837.1,4079.1,4040.3,4109.1,4066.6,3954.4,3943.4,3986.4,3903.3,3807.6,3740.4,3710.1,3732.9,3716.2,3688.4,3612.6,3448.9,3325.3,3255.5,3157.4,3072.6,2901.4,2812.5,2762.2,2576.3,2120.6,1587.1,1066.7
1114,2153.5,3437.2,4151.5,4605.7,5133,6384.9,7471.1,8553.2,9158.1,8807.2,7668.5,6429,5501.3,5111,4864.1,5054,5737.5,6080.4,6204.7,5708,5217.3,4362.3,3934.4,3573.1,3296.7,3193.9,3038,2880.4,2928.1,2930.6,2969.7,2972.7,2793.1,2916.6,2758,2815.2,2779.7,2572.1,2832.4,2673.7,2868.1,2928.5,2961.3,3101,3139.4,3038.4,2913.2,2971.9,3095.9,3161.7,3388.8,3856.2,4018.9,4496.2,5119,5309.2,5576.5,5640.1,5735.3,5769.3,5687.5,5460.2,5177.4,4784.7,4389.5,3994.4,3821.6,3783.2,3599.6,3750.4,3740.8,3804.3,3974,3857.1,4079.9,3992.3,3889.3,3860.1,3830.2,3827.5,3763.5,3669.2,3668.5,3716.2,3651.2,3616.1,3578.3,3453,3356.5,3265.8,3163.8,3093.1,2943.5,2883.9,2775,2518.1,2129.6,1621.5,1069.2
1111.6,1941.6,2947,3896.8,4546.9,5177.4,5958.6,7089.1,8387.9,9138,8997.9,8169.9,6788.2,5711.6,5303.2,5059.4,5308.2,5713.9,6047.7,6150.1,6090,5202.4,4452.3,4130.8,3655.6,3459.1,3327.6,3122.6,3081.9,3078.9,2977.8,3025.5,2950.2,2940.3,2910.2,2728.8,2896,2676,2857.5,2894.7,2882.5,3044.7,2931,3183.6,3282,3222.6,3165.8,3130,3210.2,3252.8,3358,3497.3,3733.7,4116.4,4696.4,5018.1,5382.3,5574.6,5734.5,5972.3,5816.6,5709.7,5584.5,5354.7,4885,4406.4,4226,3954.8,3906.7,3914.5,3847,3968.4,3943,4052.5,4194.9,4286.1,4284.6,4253.6,4099.1,4007,3795.7,3616.6,3610.2,3511.7,3566.2,3521.8,3437.1,3406.4,3356.6,3225.3,3131.3,3064.6,2993.2,2980.5,2926.9,2783.9,2650.2,2293.3,1754.3,1090.4
1041,1985.2,3259.6,4051.4,4487.7,5071.4,6008,7231.2,8412,8921.9,8768.3,7575,6392.1,5534.5,5020.4,4858.7,4994.4,5631.3,6163.4,6147.9,5666.6,5130.9,4335.5,3847.2,3650.9,3250.5,3008.5,3015.7,2953.2,2933.4,2912.2,2777,2923.4,2823.4,2875.8,2821,2782,2988.3,2704.1,2981.8,2988.8,3024.1,3193.7,3128,3253.9,3220.6,3202.7,3205.6,3182.6,3234.8,3220.3,3434.8,3723.3,4062.6,4501,5133.2,5346.1,5611.6,5704.3,5787,5813.2,5715.7,5520.1,5330.3,4955.1,4445.7,4069,3910.1,3925.8,3786.4,3653,3821.3,3768.8,4007.8,3982,4086.6,4141.3,3913.2,3875.4,3805.8,3740.7,3677.1,3604.4,3583.6,3629.9,3538.4,3520.1,3545.3,3493.9,3366.4,3297.3,3108.8,2976.2,2883.4,2716.2,2663.9,2581,2232,1705,1134.7
1065.4,1802.5,3005.8,3791.7,4238.2,4928.8,5562.8,6859.4,8152,8660.7,8408.9,7284.9,6049.8,5235.2,4826.8,4812.3,4911.8,5474,6034.6,6040.2,5748.2,5179.2,4413.6,3822,3692.2,3286.1,3115.4,3079.8,2975.5,2892.2,2907,2783.8,2981.7,2920.8,2855,2874.1,2711.7,2935.1,2735.5,2865.8,2865.5,2763.1,3021,3017,3102.2,3029.3,3004.8,3040.4,2972.8,3143.2,3193.9,3315.5,3642.8,4103.5,4503.7,4990.1,5298.9,5591.1,5686.5,5631.4,5668.1,5647.5,5454.3,5150.1,4791.7,4419.8,4105.5,3979.1,3901.3,3817.8,3863.5,4005.3,3982.9,4141.2,4148.6,4212.5,4227.7,4041.9,4041,3989.2,3976.6,3950,3883.2,3815.4,3777.5,3746.7,3731,3698.7,3575.1,3443.7,3416.1,3320.5,3196.1,3063.9,2922.9,2815.3,2683.2,2237.6,1647.2,1085.4
1059.3,1856.4,2852.8,3780.3,4432.4,5032.7,5880.2,6882.7,8363.3,9288,9037.8,8016.7,6740.1,5742,5373.5,5146.8,5284.6,5778.9,6370,6444.6,6149.6,5406.1,4487.5,4175.7,3719.9,3447,3402,3237,3106.5,3121.5,3070.7,3018.6,2917.1,2864.9,2908.5,2695.4,2859.2,2703.8,2796.9,2854.1,2703.6,2956.2,2891.9,3069.2,3058.9,2943.3,3014.3,2909.3,3016.5,2950.3,3090.5,3309.1,3471.6,4011.5,4359.2,4755.5,5307.4,5605.9,5642.4,5655.8,5785.4,5858,5686.9,5354.6,4986.3,4387.9,4076.7,3847.6,3684,3826.1,3605.1,3891.9,3895.7,4015.3,4147.1,4049.9,4187.9,4102.9,3938.1,3833.6,3794.9,3675.3,3734.8,3611.4,3568.3,3592.1,3556.4,3413.6,3367.6,3315.6,3218,3190.6,3181.9,3020.2,2918.2,2858.7,2659.2,2250.8,1717.6,1094.2
1054.4,1664.7,2837.2,3815.6,4252.6,4777,5534.3,6720.8,7963.1,8661.4,8619.6,7666.4,6430.1,5549.4,4926.1,4885.4,4972.4,5413.5,6159.9,6159,5909.7,5164.9,4596,3850.4,3639.7,3297.5,3053.3,2981.4,2928.8,2864.9,2905.7,2824.8,2893.6,2925.8,2869.3,2880.7,2629.9,2932.7,2840.1,2831.9,3035.3,2930.6,3181.5,3191.7,3179.1,3151.5,3040.3,3147.1,3095.2,3266.4,3346.2,3401.4,3663.1,4005.5,4591.9,5077.4,5328,5643.7,5876,5790.9,5775.9,5702.6,5519.2,5253.1,4915,4511.3,4100,3954,3872.1,3778.8,3745.2,3840.8,3827.9,3948.7,4007.5,3970.5,4128.2,3880.4,3899.8,3830.6,3726.8,3730.1,3668.5,3593.1,3651.9,3690.7,3603.7,3581.3,3508.1,3346.4,3282.7,3214.3,3088.4,2995.1,2846.6,2737.3,2589.1,2152.2,1635.2,1073
1048.2,1645.3,2817.5,3746.6,4197.5,4785.5,5596.4,6863.3,8102.9,8730.8,8687.2,7647.9,6370.8,5439,4863.4,4889.2,4961.8,5386,6042.5,6125.8,5947.5,5204,4563.3,3895.2,3711.5,3337.8,3085.2,3008.3,2951.5,2874.4,2911,2815.1,2873.2,2848,2777.6,2860,2651.7,2975.2,2875.6,2883.1,3062.5,2972.8,3191.9,3156,3175.4,3223.5,3143.7,3184.7,3110.6,3244.2,3324.6,3397.7,3631.8,4020.3,4538.5,5070.8,5362.1,5615.3,5798.7,5660.6,5644.4,5611.5,5443.9,5228.6,4913.1,4441,4041,3866.3,3806.4,3796.7,3592,3777.2,3707.6,3876.1,4023.3,3962.6,4117.3,4023.1,3945.4,3779.5,3669.4,3631,3617.7,3483.8,3531.4,3492.8,3378.9,3352.5,3275.3,3160.7,3113.6,3063,2923,2832.3,2715.2,2645.3,2485.8,2076.6,1582.4,1099.5
1049.3,1629.6,2731.4,3754,4221.8,4703,5470.4,6693.4,7964.9,8701.2,8650,7726.1,6545,5637.9,4979.4,4852.6,4938.7,5385,6103,6177.3,5899.8,5077.3,4612.1,3852.9,3580.5,3333,3131.2,3067.2,2953.6,2812,2920.5,2907.3,2934.2,2936.4,2777.5,2858.6,2606.8,2790.5,2759.2,2655.4,2936,2846.2,3059.4,3093.2,3091.6,3095.1,3002.1,3106.3,3038.1,3162.3,3296.7,3392.4,3668,4052.8,4473,4991.9,5377,5569.8,5735.4,5749.7,5835.8,5844.4,5632,5362.6,5109.5,4649.2,4334.5,4081,3916.4,3930.4,3875,3950.6,3899.8,4027.5,4098.7,4019,4258.1,4266.8,4125.4,3952.7,3833,3845.1,3799.4,3686,3645.9,3618.7,3538.2,3469,3348.8,3232.2,3201,3137.4,2999.1,2967.1,2903.4,2764.9,2599.7,2286.6,1658.6,1100.9
1034.2,2004.8,3212.6,4290.8,4730.8,5233.6,6280.2,7435.7,8446.4,9106.7,9079.2,7857.1,6620.8,5684.4,5044.5,5008.1,5125.7,5600.5,6221.4,6262.6,5756.9,5252.6,4496.3,3942.7,3822.2,3336.1,3077.9,3050.8,3006.5,2959.8,2950.9,2840.5,2972.6,2904.8,2857.8,2817.2,2593.7,2884.9,2716.4,2810.2,2825.2,2782.6,2996.5,2989.4,3036.6,3037.2,2989.7,2931.8,2879.2,3069.6,3237.5,3356.1,3690,4076,4416.1,5039.2,5357.3,5518,5650.7,5820.4,5895.5,5891.1,5658,5427.4,5038.6,4591.1,4313.3,4040,3926.8,3745,3708.6,3934.4,3894.3,4056.8,3923,3993.6,4140.3,4016.5,4041.5,3861.2,3880.4,3827,3696.9,3721.9,3693,3623.2,3587.8,3531.3,3427.6,3347.8,3223.8,3147.2,3089.6,2962.4,2830.6,2747.3,2552.1,2169.1,1642.5,1094.7
1071.7,1731.1,2701.7,3746.6,4254.7,4786.5,5701.4,6788.7,8015.3,8999.4,8800.5,7832.6,6638.3,5728.4,5154.7,4813.8,5110.4,5492.2,6029.7,6332.7,5948.2,5108.6,4494,4000.2,3612.1,3511.4,3290.9,3167.1,3088.8,2964.1,2896.7,2997.1,2939.2,2973,2781.1,2743.1,2819,2562.7,2810.2,2613.2,2747.6,2854.6,2825.5,3057.8,3099.6,3139.1,3097.6,3044,3052.5,3068.6,3232.8,3541,3641.8,3969.7,4571.5,4887,5331.3,5597.4,5744.8,5770.2,5795,5793,5699.6,5443.7,5104,4648.2,4417.4,4365.2,4145.9,4082.6,4115.7,4103.8,4213.3,4243.6,4323.7,4401.8,4401,4378.4,4321.2,4092.1,3804.6,3714.1,3720.1,3701.2,3660.5,3633.6,3574.8,3473.3,3356.5,3261.4,3202.2,3155,3087.9,3009.9,2912.4,2760.5,2548.2,2199,1690.2,1120.9
1060.6,1728.9,2779.4,3767,4181.9,4690.7,5515.4,6571.8,7888.5,8704.7,8612.9,7737,6550.2,5600,4940.7,4774.9,4880.9,5283.4,6096.1,6265.2,5960.1,5127.1,4597.8,3943.6,3684.4,3469.6,3210.2,3127.5,3021.9,2938.3,2962.3,2923.8,2889.5,2933.8,2777.9,2894.6,2776.7,2857.1,2871.4,2628.4,2941.7,2847.3,2978.4,3063.4,3107.3,3186.5,3078.9,3046.9,2981.4,3065.5,3234,3351.5,3521.5,3968.7,4306,4763.9,5311,5458.2,5603.9,5685.7,5795.7,5778.6,5627.5,5319.2,4913.9,4497.9,4230.9,3991.6,3813,3874.8,3791.7,3956.6,4011.7,4110.4,4216.2,4030.6,4177.1,4084.7,3973.9,3867.5,3737.1,3744.1,3694.3,3614.4,3650.2,3661.2,3555.9,3582.9,3630.8,3505.2,3413.5,3316.3,3164.1,3081.8,2965.2,2804,2605.2,2291.4,1700.2,1113
1134.1,2004,3032.6,3949.4,4615,5147.7,6159.3,7373.6,8551.9,9317,8923.6,7740.4,6438.8,5570.6,5259.5,5018.8,5265.9,5804.2,6213.9,6391.8,6183.8,5448.5,4519.5,4257.6,3731.9,3450.1,3312.4,3171.8,3140.8,3126.9,3005.7,3035.8,2984.8,2931.5,2960.5,2733.4,2906.4,2766.4,2815.8,2848.4,2692.1,3017,2945.6,3084.4,3132.1,3025.3,2987,2845.3,3015,2966.7,3084.1,3252.2,3359.9,3830.5,4325,4782.1,5270.8,5613.3,5699.1,5785.4,5755,5695.1,5507.7,5206.6,4798.2,4238.1,4142.2,3934.9,3796,3896.1,3686.5,3889.7,3872.1,3912.9,4044.6,4081.8,4056.2,4171.2,4001.3,3954.1,3952,3641.3,3708.1,3689.7,3603.2,3642.9,3644.8,3430.1,3402.7,3395.9,3316.7,3221.2,3134.8,3001.1,2938,2857.8,2647,2245.3,1687.1,1062
1055.4,1822.1,2771.7,3781.4,4301.3,4756.2,5654.3,6847.9,8044.5,8818.4,8581.4,7581.7,6429.4,5520,5054.1,4699.2,5036.8,5427.1,5949.5,6310.2,5934,5158.6,4575.9,4159.8,3628.9,3448.2,3229.3,3139,3113.1,3042.8,2947,2966.5,2917.9,3023.3,2922.4,2786.3,2838.4,2597.4,2855.7,2739.3,2810,2918.9,2779,2995.6,2961.1,3062.2,2983.1,2900.9,3050.4,2994.2,3214.3,3368.4,3546.4,3987.6,4608.2,4976.6,5473.1,5615.5,5746.1,5800.8,5635.3,5631.6,5615.2,5402.8,5070.2,4654,4397.2,4264.5,4042,3896.9,3897.9,3853,4030.4,3933.9,4057.4,4172.2,4189.6,4281.4,4197.3,4029.7,3876.2,3771.9,3679.8,3567.3,3529.1,3570.8,3548,3477.4,3398,3281.7,3174.2,3034.9,2968.3,2949.1,2885.7,2726.5,2501.4,2145.6,1649.2,1067.8
1075.4,1723.3,2763.2,3693.5,4065.6,4663.5,5584.2,6607.6,7998.5,8786.7,8450.5,7430.4,6240.3,5394,4890,4773.4,4940.6,5325.8,6011.5,6094.4,5778.4,5052.8,4568.2,3892.6,3604.5,3420.2,3171.2,3046.5,2967,2890.2,2939.5,2919.9,2885.2,2898.9,2725.3,2833.8,2670.7,2736.5,2820.7,2612.4,2886.8,2789.3,2959.3,3077.5,3061.7,3095.8,2988.9,3015.8,2949.1,3065.5,3291.7,3394.8,3614.6,4111.5,4476,4879.9,5414.9,5599,5739.4,5707.2,5704.1,5738.6,5674.9,5346.9,5062.9,4516.5,4253.6,4134.2,3876.4,3895.5,3677.6,3842.4,4060.7,4122.7,4178.4,4204.3,4232,4253.4,4099,3911.1,3870.3,3794.6,3747.1,3693.8,3758.4,3859,3829.9,3724.8,3610.2,3459.7,3372.4,3299.8,3073.9,2914.8,2754.7,2641.7,2473.4,2186.9,1657.3,1106.3
1057.2,1660.9,2712.9,3584.6,3976.4,4728.7,5461.3,6732.3,8039.1,8625.2,8522.5,7482.8,6227,5303.4,4745.9,4793,4918.4,5392.6,6011,6072.6,5808,5187.4,4560.6,3881.5,3711.2,3321.3,3098,3032.2,2950.2,2893.3,2985.6,2927.7,2971.1,2918.6,2811.9,2842.1,2663.5,2869.7,2751.5,2752.5,2870.7,2739.1,2949.7,2936.6,3000.2,3014.6,2956.5,2940.7,2912.4,2998,3141.9,3247.9,3502.6,3901,4208.2,4773.5,5245.3,5502.3,5672.6,5696.2,5713.6,5638.1,5514.7,5345.4,4991.8,4561.9,4306.5,4108.4,4058,4034.2,3935.1,4005.9,3981.3,4141.1,4213,4201.5,4235.8,4188.4,4036.9,3944.6,3904.4,3852.6,3769.5,3663.5,3607.5,3597.5,3549.2,3489.8,3412.2,3334,3286,3176.7,3059.3,2942.3,2816.2,2711.6,2488.9,2111.3,1618.8,1104.3
1119.9,1944.6,2933.5,3941.2,4498.4,5033.1,5902.1,7042.6,8312.8,9120.5,8810,7844.8,6571.8,5704,5209.7,4926.5,5141.4,5561.4,6071.1,6237,6034.5,5114.3,4410.6,4036.8,3603.3,3456.8,3311.3,3139.6,3088.2,3053.3,2982.6,3022.6,2914.9,2987.5,2927,2741.8,2890.2,2671.3,2825,2777.1,2802.5,2983.9,2890.8,3030.9,3018.1,3026.2,2984.4,2920.7,3026.5,3014.6,3196.7,3425.4,3576.8,3898.4,4536.4,4871.7,5296.9,5573.1,5687.9,5774,5781,5696.9,5541.4,5318.5,4947.3,4423.8,4175.7,4110.4,3978.5,3868.4,3939.1,3903.2,4062.4,4073.1,4176.6,4195.6,4155.3,4320.4,4226.5,4052.8,3816.1,3714,3743.6,3623.6,3601,3583.4,3522.6,3392.5,3286.2,3189.6,3148.6,3143.3,3106,3056.8,2990.9,2829.9,2606.6,2206.5,1663.1,1081.7
1036.8,2060.1,3240.7,4071.3,4683.5,5247,6286.2,7471.4,8565.8,9179.4,9045.9,7845.4,6611.7,5584.1,5068.1,4990.8,5171.4,5771.7,6273.2,6359.1,5852.1,5424.5,4455.6,3968.9,3778.1,3389.8,3248.6,3136.3,2974,3005,3006.2,2878.6,2941.8,2812.2,2940.8,2901.5,2879.4,3012.5,2810.9,3163,3169.3,3181.7,3252.7,3165.3,3284.1,3282.6,3304,3306.6,3370.8,3466.1,3404.4,3612.4,3936.8,4388.5,4815.2,5186.7,5502.7,5904.2,6034.2,6077.7,6097.4,5869.1,5686.2,5370.6,4928,4370.3,3977.4,4015.7,3768.1,3844.1,3861.9,3853.6,4023,3961.3,4067.6,4071.7,4102.2,4184.8,4064.4,3822.2,3748.7,3614,3547.3,3624.8,3533.7,3617.8,3606.7,3479.4,3360.5,3244.5,3079.8,3044.1,3004.5,2941.8,2879.2,2777.6,2582.7,2164.9,1619.4,1064.5
1067.1,1840.1,2788.2,3837.7,4491.5,5087.5,6041.3,7147.9,8373.9,9194.1,8916.6,7872.4,6451.5,5599.1,5173.9,4877.2,5140.5,5618.3,6129,6334.1,6104.6,5168,4466.5,4123.5,3638.3,3547.9,3349.3,3140.5,3065.4,3044,2976.7,2980.4,2875.4,2914.1,2865.5,2760.7,2888.7,2690.7,2979,2925.6,2901.3,2973.7,2744.9,3004.5,3040.9,3091.8,3037.7,2915.4,3019.6,3012.8,3259.6,3444.5,3607.5,4021.8,4682.8,4937.1,5423.8,5672.6,5767.2,5857.2,5807.3,5728.1,5627.7,5396.5,5010.6,4599.3,4467.3,4341.5,4159.2,4100.7,4130.6,4090.3,4137,4136.8,4228.8,4236.7,4265.2,4376,4159.1,4042.2,3904.5,3877.3,3889.1,3835.2,3798.3,3767.7,3724.1,3637.2,3524.6,3392,3334.3,3236.7,3132,3043.3,2918,2724.6,2535.1,2240.2,1759,1113.8
1126.4,2054.9,3208,4137.4,4706.7,5407.5,6303.4,7561.1,8875,9586.7,9361.8,8291.9,6864.7,5871.3,5470.5,5247.7,5439.4,5936,6366.9,6397.3,6386.8,5262.1,4485.3,4154.7,3651,3486.3,3327.2,3178.7,3128.3,3055.5,2944.5,3000.9,2850.1,2920.9,2875.3,2765.2,2927.1,2640,2945.7,2925.8,2952.7,3072.3,2912.9,3155.2,3201.1,3161.4,3112.5,3078.4,3176.4,3172.4,3374.6,3577,3756.6,4216.6,5010.3,5099.5,5446.1,5710.1,5922,5997.9,5795.3,5693.8,5610.7,5363.4,4956.6,4496.5,4278.2,4167.7,4045.4,3972.7,3935.8,3819.5,4070,4069.4,4206.6,4323.1,4280.9,4347.1,4217.5,4005.5,3864.4,3813.1,3848,3902.8,3753.5,3693.5,3658.4,3562.5,3438.8,3254.1,3206.9,3229.1,3161.2,3047.3,2960.7,2806.3,2578.1,2126.2,1577,1064.3
1082,1865.9,2887.9,3942.3,4619.9,5329.4,6251,7508.3,8773.7,9477.2,9325,8392,7005.2,5968.9,5488.8,5201.7,5369.4,5822,6293.3,6334.8,6295.9,5251.7,4524.2,4123.7,3674,3483.2,3342,3161.6,3091.4,3064.5,2979.4,2966.9,2799.7,2900.5,2836.6,2752.3,2920.3,2757.8,2983,2842.2,2870.8,3006.3,2924.1,3075,3025.2,3042,2982.2,2924.2,3027.8,3039.5,3186.6,3383.9,3521.9,3892.3,4500.3,4783.6,5203,5469.9,5700,5804.1,5706.5,5618.1,5486.8,5254.8,4876.9,4388.2,4145.5,4105.1,3892.5,3799.2,3799.4,3728.1,4020,3973.9,4134.5,4181,4149.8,4183.2,3987,3932.2,3745.2,3676.5,3689.3,3617.2,3592.5,3573.5,3506.5,3409.4,3362.6,3283.3,3193.6,3093,2978.2,2892.5,2797.8,2635.5,2411.1,2093.7,1634,1080
1040.6,1777.5,2930.2,3888.4,4397.8,4894.5,5724.3,6946.1,8051.7,8845.8,8936.7,7743.7,6423.2,5518.7,4828.6,4912.1,5064.3,5589.3,6316.1,6362.8,5960.6,5314.9,4697.6,3949.3,3831,3378.9,3133.1,3120.1,3082.2,3011,2997.1,2798,2895.2,2879.2,2847.4,2904.9,2718.3,2928.1,2762.1,2901.3,3011.1,2906.7,3091.7,3010.1,3059.8,3061.5,2963.3,2988.1,2968.2,3117.8,3148.1,3326.4,3536.8,3860,4579.5,5025.8,5410.7,5744.9,5898,5928.8,5945.5,5848.9,5710.4,5373.7,4833.9,4369.3,4184.4,4111.3,3911.7,3818.2,3954.4,3754.4,4061.2,4041.6,4115.2,4245.3,4150.8,4213.5,4152.9,3976.4,3880.3,3863.8,3695.8,3807,3782.5,3656.1,3547.3,3492.7,3422.8,3277.2,3194.1,3133.7,3072.9,3019.1,2899.3,2779.7,2642.3,2235.1,1684.7,1075.5
1080.1,1884.2,2890,3813.6,4329.2,4726,5707.5,6840.7,8075,9008.7,8767.7,7612.4,6284.1,5449.8,5095.5,4846.3,5150.5,5575.2,6032.3,6339.8,6165.7,5267.5,4426.7,4129.9,3630.7,3501,3325,3157.5,3101.2,3077.1,3035.5,3011.2,2887.4,2950.4,2929.4,2749.5,2873.4,2641.8,2867.6,2815.1,2763.6,2961,2860.7,3068.5,3020.1,3039.2,2984.4,2830.2,3017,2944.8,3159.3,3388.2,3563.8,3980.7,4719.4,4968,5358.7,5680.4,5850.5,5859.9,5689.7,5649.9,5600.1,5335.4,4918.8,4410.5,4269.2,4145.4,3970.1,3895.4,3931.1,3916.1,4097.3,4158.4,4261.2,4342.2,4307.5,4284.3,4123.3,4047.6,3986.4,3915.4,3840.7,3758.9,3771.3,3773.9,3658.7,3521.6,3469.8,3435.3,3364.3,3298.7,3188.5,3069,2970.3,2847.3,2584.1,2182.6,1663.5,1065.5
1088.1,1964.4,3062,3930.8,4579.3,5153.2,6216.1,7383.3,8651.1,9430.5,9130.1,8136.3,6812.7,5799.6,5398.1,5078.2,5311.6,5895.6,6327.9,6527.6,6270.5,5412.9,4481,4242,3649.6,3430.2,3313.4,3164.9,3099.8,3070.1,2985.9,3016.8,2927.6,2911.3,2926.6,2658.7,2865.2,2757.4,2897.7,2952,2830,3054.8,2913.2,3100.1,3126.2,3060.7,3082.8,2917.5,3115,3134.1,3264.7,3502.9,3723,4080.6,4661.5,5055.3,5484,5830.6,5907.7,6015,5887.4,5750.9,5616.6,5358.4,4967.1,4548.9,4261.1,4117.1,4047.2,4001.9,4090,4038.8,4179.2,4306,4361.7,4351.3,4174.5,4213.3,4116.2,3987.9,3869.6,3737.5,3777.9,3768.1,3696.8,3609.9,3602.5,3561.4,3501.8,3444.9,3313.4,3221.6,3175.4,3060.6,2934.5,2790.6,2576.7,2158,1648.4,1072.6
1024.1,2106.6,3335.5,4123.9,4607.4,5114.1,6238.9,7475.3,8525,9048,8834.7,7736.3,6536.1,5536.6,5047.6,4964.4,5163,5842.6,6212.6,6258.3,5850.8,5201.8,4370.2,3893.9,3614,3307.3,3268.8,3133.2,3030.5,3004.3,2933.2,2860.8,2966.8,2856.2,2919.6,2842.1,2835.9,2903.3,2614.6,2978.6,2981.5,3003.4,3093.5,2953,3092.4,3011.6,3017.2,2991.4,2954.6,3145.9,3133.4,3364.4,3718.6,4056.5,4455.2,5042.3,5352.7,5656.3,5771.2,5898.3,5958.1,5815,5636.4,5442.6,5048.6,4616.9,4327.4,4099.9,4131.8,4124.2,4020.3,4133.8,4170.1,4297.5,4336.5,4391.1,4501.3,4520.5,4359.6,4279.4,4079.1,3889.3,3781.8,3734.1,3772.9,3742.4,3690.2,3600.9,3426.8,3338.9,3295.6,3209.3,3068.8,2962,2910.8,2805.4,2579.7,2205.6,1676.1,1091.8
